"","Mantel.local","Class.Index","P.value","run","Num.nursery","Constraints","Mimicry","step"
"1",0.0170169597582567,1,0.0099009900990099,1,1,"off",FALSE,0
"1.1",0.0226754133841615,3,0.0198019801980198,1,1,"off",FALSE,0
"1.2",0.0222490464347966,5,0.0297029702970297,1,1,"off",FALSE,0
"1.3",0.0168785937223584,7,0.0396039603960396,1,1,"off",FALSE,0
"1.4",0.0117363274534513,9,0.0495049504950495,1,1,"off",FALSE,0
"1.5",0.0122641133688781,11,0.0594059405940594,1,1,"off",FALSE,0
"1.6",0.0116058950072413,13,0.0693069306930693,1,1,"off",FALSE,0
"1.7",0.0118010052413539,15,0.0792079207920792,1,1,"off",FALSE,0
"1.8",0.0116781677083597,17,0.0891089108910891,1,1,"off",FALSE,0
"1.9",0.00930465223955559,19,0.099009900990099,1,1,"off",FALSE,0
"1.10",0.00746657500926079,21,0.108910891089109,1,1,"off",FALSE,0
"1.11",0.00687208110618913,23,0.118811881188119,1,1,"off",FALSE,0
"1.12",0.00575053123142672,25,0.128712871287129,1,1,"off",FALSE,0
"1.13",0.0052595809462716,27,0.138613861386139,1,1,"off",FALSE,0
"1.14",0.00413974036954654,29,0.148514851485149,1,1,"off",FALSE,0
"2",0.0165384257793735,1,0.0099009900990099,2,1,"off",FALSE,0
"2.1",0.0213561913595252,3,0.0198019801980198,2,1,"off",FALSE,0
"2.2",0.0204446256948382,5,0.0297029702970297,2,1,"off",FALSE,0
"2.3",0.0147587465434148,7,0.0396039603960396,2,1,"off",FALSE,0
"2.4",0.0098743832127146,9,0.0495049504950495,2,1,"off",FALSE,0
"2.5",0.0110361123665177,11,0.0594059405940594,2,1,"off",FALSE,0
"2.6",0.0101336430830714,13,0.0693069306930693,2,1,"off",FALSE,0
"2.7",0.0106468360461185,15,0.0792079207920792,2,1,"off",FALSE,0
"2.8",0.0102703658404665,17,0.0891089108910891,2,1,"off",FALSE,0
"2.9",0.00802355251247607,19,0.099009900990099,2,1,"off",FALSE,0
"2.10",0.00646897851294025,21,0.108910891089109,2,1,"off",FALSE,0
"2.11",0.00579516346008563,23,0.118811881188119,2,1,"off",FALSE,0
"2.12",0.00453326954966182,25,0.128712871287129,2,1,"off",FALSE,0
"2.13",0.00405316405528305,27,0.138613861386139,2,1,"off",FALSE,0
"2.14",0.00314938649532322,29,0.148514851485149,2,1,"off",FALSE,0
"3",0.0169039305562193,1,0.0099009900990099,3,1,"off",FALSE,0
"3.1",0.0226205350902492,3,0.0198019801980198,3,1,"off",FALSE,0
"3.2",0.022161008225515,5,0.0297029702970297,3,1,"off",FALSE,0
"3.3",0.0168601198295932,7,0.0396039603960396,3,1,"off",FALSE,0
"3.4",0.0115031787230856,9,0.0495049504950495,3,1,"off",FALSE,0
"3.5",0.0123028827166359,11,0.0594059405940594,3,1,"off",FALSE,0
"3.6",0.0111954232803462,13,0.0693069306930693,3,1,"off",FALSE,0
"3.7",0.0114462571215497,15,0.0792079207920792,3,1,"off",FALSE,0
"3.8",0.0111450611824931,17,0.0891089108910891,3,1,"off",FALSE,0
"3.9",0.0089882444458871,19,0.099009900990099,3,1,"off",FALSE,0
"3.10",0.00718251444493516,21,0.108910891089109,3,1,"off",FALSE,0
"3.11",0.00656083887363833,23,0.118811881188119,3,1,"off",FALSE,0
"3.12",0.00556796238161404,25,0.128712871287129,3,1,"off",FALSE,0
"3.13",0.00481912212474145,27,0.138613861386139,3,1,"off",FALSE,0
"3.14",0.00382511862042865,29,0.148514851485149,3,1,"off",FALSE,0
"4",0.0170652467914362,1,0.0099009900990099,4,1,"off",FALSE,0
"4.1",0.022975555551226,3,0.0198019801980198,4,1,"off",FALSE,0
"4.2",0.0226819695870053,5,0.0297029702970297,4,1,"off",FALSE,0
"4.3",0.0171978788575072,7,0.0396039603960396,4,1,"off",FALSE,0
"4.4",0.0118560011489075,9,0.0495049504950495,4,1,"off",FALSE,0
"4.5",0.0124972381955458,11,0.0594059405940594,4,1,"off",FALSE,0
"4.6",0.0114927883136262,13,0.0693069306930693,4,1,"off",FALSE,0
"4.7",0.0117026208141035,15,0.0792079207920792,4,1,"off",FALSE,0
"4.8",0.0116986475049031,17,0.0891089108910891,4,1,"off",FALSE,0
"4.9",0.00955311690890095,19,0.099009900990099,4,1,"off",FALSE,0
"4.10",0.00735933357410786,21,0.108910891089109,4,1,"off",FALSE,0
"4.11",0.0068930952415478,23,0.118811881188119,4,1,"off",FALSE,0
"4.12",0.00564225009936788,25,0.128712871287129,4,1,"off",FALSE,0
"4.13",0.00490312672122821,27,0.138613861386139,4,1,"off",FALSE,0
"4.14",0.00398363810128484,29,0.148514851485149,4,1,"off",FALSE,0
"5",0.0173410165079201,1,0.0099009900990099,5,1,"off",FALSE,0
"5.1",0.0234532062109647,3,0.0198019801980198,5,1,"off",FALSE,0
"5.2",0.0231098631755677,5,0.0297029702970297,5,1,"off",FALSE,0
"5.3",0.0180529340045975,7,0.0396039603960396,5,1,"off",FALSE,0
"5.4",0.011977448817562,9,0.0495049504950495,5,1,"off",FALSE,0
"5.5",0.0123338386023429,11,0.0594059405940594,5,1,"off",FALSE,0
"5.6",0.011429008129607,13,0.0693069306930693,5,1,"off",FALSE,0
"5.7",0.011438927416925,15,0.0792079207920792,5,1,"off",FALSE,0
"5.8",0.0116608383224101,17,0.0891089108910891,5,1,"off",FALSE,0
"5.9",0.00935643630145982,19,0.099009900990099,5,1,"off",FALSE,0
"5.10",0.00766564618256653,21,0.108910891089109,5,1,"off",FALSE,0
"5.11",0.0066680891283636,23,0.118811881188119,5,1,"off",FALSE,0
"5.12",0.00531542892196267,25,0.128712871287129,5,1,"off",FALSE,0
"5.13",0.00477283861890982,27,0.138613861386139,5,1,"off",FALSE,0
"5.14",0.00363205506519339,29,0.148514851485149,5,1,"off",FALSE,0
"6",0.0171400872796485,1,0.0099009900990099,6,1,"off",FALSE,0
"6.1",0.0230235825403691,3,0.0198019801980198,6,1,"off",FALSE,0
"6.2",0.0229089407116656,5,0.0297029702970297,6,1,"off",FALSE,0
"6.3",0.0177446261157302,7,0.0396039603960396,6,1,"off",FALSE,0
"6.4",0.0121899765312587,9,0.0495049504950495,6,1,"off",FALSE,0
"6.5",0.0125813610543455,11,0.0594059405940594,6,1,"off",FALSE,0
"6.6",0.0114589696406988,13,0.0693069306930693,6,1,"off",FALSE,0
"6.7",0.011752586676741,15,0.0792079207920792,6,1,"off",FALSE,0
"6.8",0.0118674436702526,17,0.0891089108910891,6,1,"off",FALSE,0
"6.9",0.00960336993475287,19,0.099009900990099,6,1,"off",FALSE,0
"6.10",0.0076823338096523,21,0.108910891089109,6,1,"off",FALSE,0
"6.11",0.00709859245670953,23,0.118811881188119,6,1,"off",FALSE,0
"6.12",0.00571496379049729,25,0.128712871287129,6,1,"off",FALSE,0
"6.13",0.00514125372221747,27,0.138613861386139,6,1,"off",FALSE,0
"6.14",0.0043876886142288,29,0.148514851485149,6,1,"off",FALSE,0
"7",0.0167184755357913,1,0.0099009900990099,7,1,"off",FALSE,0
"7.1",0.0225161403802924,3,0.0198019801980198,7,1,"off",FALSE,0
"7.2",0.0217673450764025,5,0.0297029702970297,7,1,"off",FALSE,0
"7.3",0.0162842505703209,7,0.0396039603960396,7,1,"off",FALSE,0
"7.4",0.0111905312075582,9,0.0495049504950495,7,1,"off",FALSE,0
"7.5",0.0118987716218415,11,0.0594059405940594,7,1,"off",FALSE,0
"7.6",0.0110898049593464,13,0.0693069306930693,7,1,"off",FALSE,0
"7.7",0.0112833733144685,15,0.0792079207920792,7,1,"off",FALSE,0
"7.8",0.0113502866672046,17,0.0891089108910891,7,1,"off",FALSE,0
"7.9",0.00907094463627692,19,0.099009900990099,7,1,"off",FALSE,0
"7.10",0.00734348788504854,21,0.108910891089109,7,1,"off",FALSE,0
"7.11",0.00703466422378744,23,0.118811881188119,7,1,"off",FALSE,0
"7.12",0.00580490494411554,25,0.128712871287129,7,1,"off",FALSE,0
"7.13",0.00510381208307847,27,0.138613861386139,7,1,"off",FALSE,0
"7.14",0.00421890977031993,29,0.148514851485149,7,1,"off",FALSE,0
"8",0.0170374241072822,1,0.0099009900990099,8,1,"off",FALSE,0
"8.1",0.0226813465509382,3,0.0198019801980198,8,1,"off",FALSE,0
"8.2",0.0222854894022303,5,0.0297029702970297,8,1,"off",FALSE,0
"8.3",0.0166342391104286,7,0.0396039603960396,8,1,"off",FALSE,0
"8.4",0.0113640099769694,9,0.0495049504950495,8,1,"off",FALSE,0
"8.5",0.0117497071315068,11,0.0594059405940594,8,1,"off",FALSE,0
"8.6",0.0107956999145499,13,0.0693069306930693,8,1,"off",FALSE,0
"8.7",0.0111762676044215,15,0.0792079207920792,8,1,"off",FALSE,0
"8.8",0.010855972193281,17,0.0891089108910891,8,1,"off",FALSE,0
"8.9",0.00864993311581743,19,0.099009900990099,8,1,"off",FALSE,0
"8.10",0.00691184133916556,21,0.108910891089109,8,1,"off",FALSE,0
"8.11",0.0062454369197318,23,0.118811881188119,8,1,"off",FALSE,0
"8.12",0.00499931431607088,25,0.128712871287129,8,1,"off",FALSE,0
"8.13",0.00423146232480748,27,0.138613861386139,8,1,"off",FALSE,0
"8.14",0.0032669779184117,29,0.148514851485149,8,1,"off",FALSE,0
"9",0.0174158385209901,1,0.0099009900990099,9,1,"off",FALSE,0
"9.1",0.0238724397487201,3,0.0198019801980198,9,1,"off",FALSE,0
"9.2",0.0239774884440846,5,0.0297029702970297,9,1,"off",FALSE,0
"9.3",0.0189496578229214,7,0.0396039603960396,9,1,"off",FALSE,0
"9.4",0.0131679058051623,9,0.0495049504950495,9,1,"off",FALSE,0
"9.5",0.0128861067458823,11,0.0594059405940594,9,1,"off",FALSE,0
"9.6",0.0119252818836137,13,0.0693069306930693,9,1,"off",FALSE,0
"9.7",0.0116577020280811,15,0.0792079207920792,9,1,"off",FALSE,0
"9.8",0.0117420117394851,17,0.0891089108910891,9,1,"off",FALSE,0
"9.9",0.00986369213351272,19,0.099009900990099,9,1,"off",FALSE,0
"9.10",0.00734012234877494,21,0.108910891089109,9,1,"off",FALSE,0
"9.11",0.00681312084969791,23,0.118811881188119,9,1,"off",FALSE,0
"9.12",0.00555885188401575,25,0.128712871287129,9,1,"off",FALSE,0
"9.13",0.00479729993972796,27,0.138613861386139,9,1,"off",FALSE,0
"9.14",0.00389610796928636,29,0.148514851485149,9,1,"off",FALSE,0
"10",0.0166293660187961,1,0.0099009900990099,10,1,"off",FALSE,0
"10.1",0.0222773117266092,3,0.0198019801980198,10,1,"off",FALSE,0
"10.2",0.0216086860524426,5,0.0297029702970297,10,1,"off",FALSE,0
"10.3",0.0164463574651377,7,0.0396039603960396,10,1,"off",FALSE,0
"10.4",0.0111572078388613,9,0.0495049504950495,10,1,"off",FALSE,0
"10.5",0.0119707838447895,11,0.0594059405940594,10,1,"off",FALSE,0
"10.6",0.0111773864148856,13,0.0693069306930693,10,1,"off",FALSE,0
"10.7",0.0114174431913336,15,0.0792079207920792,10,1,"off",FALSE,0
"10.8",0.0111463426669746,17,0.0891089108910891,10,1,"off",FALSE,0
"10.9",0.0092074413493161,19,0.099009900990099,10,1,"off",FALSE,0
"10.10",0.00723671771622054,21,0.108910891089109,10,1,"off",FALSE,0
"10.11",0.00658026053895374,23,0.118811881188119,10,1,"off",FALSE,0
"10.12",0.00546764758625517,25,0.128712871287129,10,1,"off",FALSE,0
"10.13",0.00499354567938917,27,0.138613861386139,10,1,"off",FALSE,0
"10.14",0.00413368225676489,29,0.148514851485149,10,1,"off",FALSE,0
"11",0.0176502611922128,1,0.0099009900990099,11,1,"off",FALSE,0
"11.1",0.024106413672391,3,0.0198019801980198,11,1,"off",FALSE,0
"11.2",0.0241912688154957,5,0.0297029702970297,11,1,"off",FALSE,0
"11.3",0.0194036391900746,7,0.0396039603960396,11,1,"off",FALSE,0
"11.4",0.013524579485748,9,0.0495049504950495,11,1,"off",FALSE,0
"11.5",0.0133323578570119,11,0.0594059405940594,11,1,"off",FALSE,0
"11.6",0.0121511084837477,13,0.0693069306930693,11,1,"off",FALSE,0
"11.7",0.0119484411982814,15,0.0792079207920792,11,1,"off",FALSE,0
"11.8",0.0117166526167671,17,0.0891089108910891,11,1,"off",FALSE,0
"11.9",0.00997710006216422,19,0.099009900990099,11,1,"off",FALSE,0
"11.10",0.00763960640895276,21,0.108910891089109,11,1,"off",FALSE,0
"11.11",0.00688700782927317,23,0.118811881188119,11,1,"off",FALSE,0
"11.12",0.00544699157457905,25,0.128712871287129,11,1,"off",FALSE,0
"11.13",0.00491943748119899,27,0.138613861386139,11,1,"off",FALSE,0
"11.14",0.00380987935909693,29,0.148514851485149,11,1,"off",FALSE,0
"12",0.0161241551013377,1,0.0099009900990099,12,1,"off",FALSE,0
"12.1",0.0209762098897741,3,0.0198019801980198,12,1,"off",FALSE,0
"12.2",0.0198493574661294,5,0.0297029702970297,12,1,"off",FALSE,0
"12.3",0.0141140506365206,7,0.0396039603960396,12,1,"off",FALSE,0
"12.4",0.00973081421540497,9,0.0495049504950495,12,1,"off",FALSE,0
"12.5",0.0109378491523508,11,0.0594059405940594,12,1,"off",FALSE,0
"12.6",0.010510912202311,13,0.0693069306930693,12,1,"off",FALSE,0
"12.7",0.0107632592782251,15,0.0792079207920792,12,1,"off",FALSE,0
"12.8",0.0100511811960263,17,0.0891089108910891,12,1,"off",FALSE,0
"12.9",0.00794180801055512,19,0.099009900990099,12,1,"off",FALSE,0
"12.10",0.00623838950100127,21,0.108910891089109,12,1,"off",FALSE,0
"12.11",0.00591830243967194,23,0.118811881188119,12,1,"off",FALSE,0
"12.12",0.00477640842172315,25,0.128712871287129,12,1,"off",FALSE,0
"12.13",0.00422370577199352,27,0.138613861386139,12,1,"off",FALSE,0
"12.14",0.00338005592631079,29,0.148514851485149,12,1,"off",FALSE,0
"13",0.0168017047827163,1,0.0099009900990099,13,1,"off",FALSE,0
"13.1",0.0219779083387463,3,0.0198019801980198,13,1,"off",FALSE,0
"13.2",0.0210502829273156,5,0.0297029702970297,13,1,"off",FALSE,0
"13.3",0.0158721217987654,7,0.0396039603960396,13,1,"off",FALSE,0
"13.4",0.0109114116173706,9,0.0495049504950495,13,1,"off",FALSE,0
"13.5",0.0118734200198678,11,0.0594059405940594,13,1,"off",FALSE,0
"13.6",0.0112025731388723,13,0.0693069306930693,13,1,"off",FALSE,0
"13.7",0.0115713483786543,15,0.0792079207920792,13,1,"off",FALSE,0
"13.8",0.0114228775138694,17,0.0891089108910891,13,1,"off",FALSE,0
"13.9",0.00899085469212244,19,0.099009900990099,13,1,"off",FALSE,0
"13.10",0.00733338004351878,21,0.108910891089109,13,1,"off",FALSE,0
"13.11",0.00678278383448109,23,0.118811881188119,13,1,"off",FALSE,0
"13.12",0.00559392949793728,25,0.128712871287129,13,1,"off",FALSE,0
"13.13",0.00520155062814337,27,0.138613861386139,13,1,"off",FALSE,0
"13.14",0.00433663625615663,29,0.148514851485149,13,1,"off",FALSE,0
"14",0.0163400111085724,1,0.0099009900990099,14,1,"off",FALSE,0
"14.1",0.0213499241668061,3,0.0198019801980198,14,1,"off",FALSE,0
"14.2",0.0202329600925375,5,0.0297029702970297,14,1,"off",FALSE,0
"14.3",0.0145153823950778,7,0.0396039603960396,14,1,"off",FALSE,0
"14.4",0.00964800957643378,9,0.0495049504950495,14,1,"off",FALSE,0
"14.5",0.0109469338222284,11,0.0594059405940594,14,1,"off",FALSE,0
"14.6",0.0102545778594184,13,0.0693069306930693,14,1,"off",FALSE,0
"14.7",0.0105721839115609,15,0.0792079207920792,14,1,"off",FALSE,0
"14.8",0.00987825176818553,17,0.0891089108910891,14,1,"off",FALSE,0
"14.9",0.00785652360692299,19,0.099009900990099,14,1,"off",FALSE,0
"14.10",0.00636087603257769,21,0.108910891089109,14,1,"off",FALSE,0
"14.11",0.0057445197368271,23,0.118811881188119,14,1,"off",FALSE,0
"14.12",0.00480021544130332,25,0.128712871287129,14,1,"off",FALSE,0
"14.13",0.00420171208297528,27,0.138613861386139,14,1,"off",FALSE,0
"14.14",0.00338657700920193,29,0.148514851485149,14,1,"off",FALSE,0
"15",0.0175689617765381,1,0.0099009900990099,15,1,"off",FALSE,0
"15.1",0.0235002970121064,3,0.0198019801980198,15,1,"off",FALSE,0
"15.2",0.023431503077512,5,0.0297029702970297,15,1,"off",FALSE,0
"15.3",0.0182534915737798,7,0.0396039603960396,15,1,"off",FALSE,0
"15.4",0.0124506147458973,9,0.0495049504950495,15,1,"off",FALSE,0
"15.5",0.0123774414271255,11,0.0594059405940594,15,1,"off",FALSE,0
"15.6",0.0113518528285401,13,0.0693069306930693,15,1,"off",FALSE,0
"15.7",0.0115942743958687,15,0.0792079207920792,15,1,"off",FALSE,0
"15.8",0.0114325439789001,17,0.0891089108910891,15,1,"off",FALSE,0
"15.9",0.00922543385762676,19,0.099009900990099,15,1,"off",FALSE,0
"15.10",0.00731238937126879,21,0.108910891089109,15,1,"off",FALSE,0
"15.11",0.00657804597459731,23,0.118811881188119,15,1,"off",FALSE,0
"15.12",0.00550197269603615,25,0.128712871287129,15,1,"off",FALSE,0
"15.13",0.00465294593554661,27,0.138613861386139,15,1,"off",FALSE,0
"15.14",0.00394861027641701,29,0.148514851485149,15,1,"off",FALSE,0
"16",0.0162442599105213,1,0.0099009900990099,16,1,"off",FALSE,0
"16.1",0.0212848316019734,3,0.0198019801980198,16,1,"off",FALSE,0
"16.2",0.020071806246779,5,0.0297029702970297,16,1,"off",FALSE,0
"16.3",0.0143406510210866,7,0.0396039603960396,16,1,"off",FALSE,0
"16.4",0.00981375529348531,9,0.0495049504950495,16,1,"off",FALSE,0
"16.5",0.0110647739319299,11,0.0594059405940594,16,1,"off",FALSE,0
"16.6",0.0102559895513348,13,0.0693069306930693,16,1,"off",FALSE,0
"16.7",0.0109371687094121,15,0.0792079207920792,16,1,"off",FALSE,0
"16.8",0.0103291593326938,17,0.0891089108910891,16,1,"off",FALSE,0
"16.9",0.00809810799798085,19,0.099009900990099,16,1,"off",FALSE,0
"16.10",0.00691663238979185,21,0.108910891089109,16,1,"off",FALSE,0
"16.11",0.0060564966424269,23,0.118811881188119,16,1,"off",FALSE,0
"16.12",0.00504862287125811,25,0.128712871287129,16,1,"off",FALSE,0
"16.13",0.00443898917153668,27,0.138613861386139,16,1,"off",FALSE,0
"16.14",0.00375609088410272,29,0.148514851485149,16,1,"off",FALSE,0
"17",0.0171194574652973,1,0.0099009900990099,17,1,"off",FALSE,0
"17.1",0.0233906656969012,3,0.0198019801980198,17,1,"off",FALSE,0
"17.2",0.0231732542216534,5,0.0297029702970297,17,1,"off",FALSE,0
"17.3",0.0180011961898182,7,0.0396039603960396,17,1,"off",FALSE,0
"17.4",0.0122971307512265,9,0.0495049504950495,17,1,"off",FALSE,0
"17.5",0.0124410884668515,11,0.0594059405940594,17,1,"off",FALSE,0
"17.6",0.0116063668049585,13,0.0693069306930693,17,1,"off",FALSE,0
"17.7",0.0117217407955661,15,0.0792079207920792,17,1,"off",FALSE,0
"17.8",0.011862717870688,17,0.0891089108910891,17,1,"off",FALSE,0
"17.9",0.00981800908681995,19,0.099009900990099,17,1,"off",FALSE,0
"17.10",0.00760081975504168,21,0.108910891089109,17,1,"off",FALSE,0
"17.11",0.00700900481900886,23,0.118811881188119,17,1,"off",FALSE,0
"17.12",0.00583900692132033,25,0.128712871287129,17,1,"off",FALSE,0
"17.13",0.00512762283007624,27,0.138613861386139,17,1,"off",FALSE,0
"17.14",0.00389196533759325,29,0.148514851485149,17,1,"off",FALSE,0
"18",0.0167335072655583,1,0.0099009900990099,18,1,"off",FALSE,0
"18.1",0.0221864871120967,3,0.0198019801980198,18,1,"off",FALSE,0
"18.2",0.0217306897417361,5,0.0297029702970297,18,1,"off",FALSE,0
"18.3",0.0161612404178251,7,0.0396039603960396,18,1,"off",FALSE,0
"18.4",0.0111176694147712,9,0.0495049504950495,18,1,"off",FALSE,0
"18.5",0.0117791727129523,11,0.0594059405940594,18,1,"off",FALSE,0
"18.6",0.0110016797473563,13,0.0693069306930693,18,1,"off",FALSE,0
"18.7",0.0112564428861854,15,0.0792079207920792,18,1,"off",FALSE,0
"18.8",0.0112872139622135,17,0.0891089108910891,18,1,"off",FALSE,0
"18.9",0.00895381155376587,19,0.099009900990099,18,1,"off",FALSE,0
"18.10",0.00742743809310884,21,0.108910891089109,18,1,"off",FALSE,0
"18.11",0.00655662429640781,23,0.118811881188119,18,1,"off",FALSE,0
"18.12",0.00545091726614663,25,0.128712871287129,18,1,"off",FALSE,0
"18.13",0.00499184663530554,27,0.138613861386139,18,1,"off",FALSE,0
"18.14",0.00436557993870103,29,0.148514851485149,18,1,"off",FALSE,0
"19",0.0161075338937972,1,0.0099009900990099,19,1,"off",FALSE,0
"19.1",0.0212752729952119,3,0.0198019801980198,19,1,"off",FALSE,0
"19.2",0.0203190377401782,5,0.0297029702970297,19,1,"off",FALSE,0
"19.3",0.0145577323924611,7,0.0396039603960396,19,1,"off",FALSE,0
"19.4",0.010079262934239,9,0.0495049504950495,19,1,"off",FALSE,0
"19.5",0.0115306588580589,11,0.0594059405940594,19,1,"off",FALSE,0
"19.6",0.0109035689273969,13,0.0693069306930693,19,1,"off",FALSE,0
"19.7",0.0115029296894191,15,0.0792079207920792,19,1,"off",FALSE,0
"19.8",0.010961833493586,17,0.0891089108910891,19,1,"off",FALSE,0
"19.9",0.00883313560987895,19,0.099009900990099,19,1,"off",FALSE,0
"19.10",0.0072835247232185,21,0.108910891089109,19,1,"off",FALSE,0
"19.11",0.00664466738383202,23,0.118811881188119,19,1,"off",FALSE,0
"19.12",0.0055283918269197,25,0.128712871287129,19,1,"off",FALSE,0
"19.13",0.00482221438057128,27,0.138613861386139,19,1,"off",FALSE,0
"19.14",0.00416580385759083,29,0.148514851485149,19,1,"off",FALSE,0
"20",0.016302571777992,1,0.0099009900990099,20,1,"off",FALSE,0
"20.1",0.0215019852434273,3,0.0198019801980198,20,1,"off",FALSE,0
"20.2",0.0204377248981873,5,0.0297029702970297,20,1,"off",FALSE,0
"20.3",0.0146306872688032,7,0.0396039603960396,20,1,"off",FALSE,0
"20.4",0.0100166295073237,9,0.0495049504950495,20,1,"off",FALSE,0
"20.5",0.0109974912591116,11,0.0594059405940594,20,1,"off",FALSE,0
"20.6",0.0103245833731833,13,0.0693069306930693,20,1,"off",FALSE,0
"20.7",0.0108354395018074,15,0.0792079207920792,20,1,"off",FALSE,0
"20.8",0.0104170605614919,17,0.0891089108910891,20,1,"off",FALSE,0
"20.9",0.00806515861704584,19,0.099009900990099,20,1,"off",FALSE,0
"20.10",0.00644613409612721,21,0.108910891089109,20,1,"off",FALSE,0
"20.11",0.00598952460785961,23,0.118811881188119,20,1,"off",FALSE,0
"20.12",0.00482783453271636,25,0.128712871287129,20,1,"off",FALSE,0
"20.13",0.00431610655266983,27,0.138613861386139,20,1,"off",FALSE,0
"20.14",0.00355403485216945,29,0.148514851485149,20,1,"off",FALSE,0
"21",0.0172210410053201,1,0.0099009900990099,21,1,"off",FALSE,0
"21.1",0.0230078394048551,3,0.0198019801980198,21,1,"off",FALSE,0
"21.2",0.022819708778912,5,0.0297029702970297,21,1,"off",FALSE,0
"21.3",0.0173510160946689,7,0.0396039603960396,21,1,"off",FALSE,0
"21.4",0.0119446836227432,9,0.0495049504950495,21,1,"off",FALSE,0
"21.5",0.0124867957561356,11,0.0594059405940594,21,1,"off",FALSE,0
"21.6",0.0117566076132623,13,0.0693069306930693,21,1,"off",FALSE,0
"21.7",0.0118772694922124,15,0.0792079207920792,21,1,"off",FALSE,0
"21.8",0.0119769785339121,17,0.0891089108910891,21,1,"off",FALSE,0
"21.9",0.00954061308182774,19,0.099009900990099,21,1,"off",FALSE,0
"21.10",0.00773580236721353,21,0.108910891089109,21,1,"off",FALSE,0
"21.11",0.00706072207622361,23,0.118811881188119,21,1,"off",FALSE,0
"21.12",0.00600713857197298,25,0.128712871287129,21,1,"off",FALSE,0
"21.13",0.00530289881542018,27,0.138613861386139,21,1,"off",FALSE,0
"21.14",0.00455978587367209,29,0.148514851485149,21,1,"off",FALSE,0
"22",0.0166828092384262,1,0.0099009900990099,22,1,"off",FALSE,0
"22.1",0.0221911659897973,3,0.0198019801980198,22,1,"off",FALSE,0
"22.2",0.0213324629181147,5,0.0297029702970297,22,1,"off",FALSE,0
"22.3",0.015761340208982,7,0.0396039603960396,22,1,"off",FALSE,0
"22.4",0.0107163353222379,9,0.0495049504950495,22,1,"off",FALSE,0
"22.5",0.0117812578051833,11,0.0594059405940594,22,1,"off",FALSE,0
"22.6",0.0109514491795725,13,0.0693069306930693,22,1,"off",FALSE,0
"22.7",0.0111173838260161,15,0.0792079207920792,22,1,"off",FALSE,0
"22.8",0.0107605414113018,17,0.0891089108910891,22,1,"off",FALSE,0
"22.9",0.00837868336448518,19,0.099009900990099,22,1,"off",FALSE,0
"22.10",0.00684036259410341,21,0.108910891089109,22,1,"off",FALSE,0
"22.11",0.00626051746496551,23,0.118811881188119,22,1,"off",FALSE,0
"22.12",0.00500441355263052,25,0.128712871287129,22,1,"off",FALSE,0
"22.13",0.0046865738217288,27,0.138613861386139,22,1,"off",FALSE,0
"22.14",0.00358097073069416,29,0.148514851485149,22,1,"off",FALSE,0
"23",0.0160643214032783,1,0.0099009900990099,23,1,"off",FALSE,0
"23.1",0.0213010886177104,3,0.0198019801980198,23,1,"off",FALSE,0
"23.2",0.0203930917241981,5,0.0297029702970297,23,1,"off",FALSE,0
"23.3",0.0145633565985168,7,0.0396039603960396,23,1,"off",FALSE,0
"23.4",0.0100597489214162,9,0.0495049504950495,23,1,"off",FALSE,0
"23.5",0.0112952089238393,11,0.0594059405940594,23,1,"off",FALSE,0
"23.6",0.0107565099696904,13,0.0693069306930693,23,1,"off",FALSE,0
"23.7",0.01120155505376,15,0.0792079207920792,23,1,"off",FALSE,0
"23.8",0.0106187623891257,17,0.0891089108910891,23,1,"off",FALSE,0
"23.9",0.00850606996141001,19,0.099009900990099,23,1,"off",FALSE,0
"23.10",0.00695924646183392,21,0.108910891089109,23,1,"off",FALSE,0
"23.11",0.00628645455861053,23,0.118811881188119,23,1,"off",FALSE,0
"23.12",0.00533931853631135,25,0.128712871287129,23,1,"off",FALSE,0
"23.13",0.00458700080587688,27,0.138613861386139,23,1,"off",FALSE,0
"23.14",0.00405401045875102,29,0.148514851485149,23,1,"off",FALSE,0
"24",0.0168562114268965,1,0.0099009900990099,24,1,"off",FALSE,0
"24.1",0.022340291717582,3,0.0198019801980198,24,1,"off",FALSE,0
"24.2",0.0216954624273051,5,0.0297029702970297,24,1,"off",FALSE,0
"24.3",0.0162752203626183,7,0.0396039603960396,24,1,"off",FALSE,0
"24.4",0.0112068845739159,9,0.0495049504950495,24,1,"off",FALSE,0
"24.5",0.0118042447138092,11,0.0594059405940594,24,1,"off",FALSE,0
"24.6",0.0110779687504182,13,0.0693069306930693,24,1,"off",FALSE,0
"24.7",0.0111782434580193,15,0.0792079207920792,24,1,"off",FALSE,0
"24.8",0.0109592413152526,17,0.0891089108910891,24,1,"off",FALSE,0
"24.9",0.00899190769652707,19,0.099009900990099,24,1,"off",FALSE,0
"24.10",0.00699203245374464,21,0.108910891089109,24,1,"off",FALSE,0
"24.11",0.0063596489133617,23,0.118811881188119,24,1,"off",FALSE,0
"24.12",0.0050476302946334,25,0.128712871287129,24,1,"off",FALSE,0
"24.13",0.00449906325244382,27,0.138613861386139,24,1,"off",FALSE,0
"24.14",0.00362979572658749,29,0.148514851485149,24,1,"off",FALSE,0
"25",0.0168638248768971,1,0.0099009900990099,25,1,"off",FALSE,0
"25.1",0.0222338511297804,3,0.0198019801980198,25,1,"off",FALSE,0
"25.2",0.0217800180151021,5,0.0297029702970297,25,1,"off",FALSE,0
"25.3",0.016231323840913,7,0.0396039603960396,25,1,"off",FALSE,0
"25.4",0.0109894911416332,9,0.0495049504950495,25,1,"off",FALSE,0
"25.5",0.0116712801461149,11,0.0594059405940594,25,1,"off",FALSE,0
"25.6",0.0112486685959013,13,0.0693069306930693,25,1,"off",FALSE,0
"25.7",0.0115475852984081,15,0.0792079207920792,25,1,"off",FALSE,0
"25.8",0.0113347608314439,17,0.0891089108910891,25,1,"off",FALSE,0
"25.9",0.00912556865275928,19,0.099009900990099,25,1,"off",FALSE,0
"25.10",0.00714588443241704,21,0.108910891089109,25,1,"off",FALSE,0
"25.11",0.0066563471749939,23,0.118811881188119,25,1,"off",FALSE,0
"25.12",0.00531090779073788,25,0.128712871287129,25,1,"off",FALSE,0
"25.13",0.00471041339468728,27,0.138613861386139,25,1,"off",FALSE,0
"25.14",0.00403231413400767,29,0.148514851485149,25,1,"off",FALSE,0
"26",0.0176624945010385,1,0.0099009900990099,26,1,"off",FALSE,0
"26.1",0.0238488329260382,3,0.0198019801980198,26,1,"off",FALSE,0
"26.2",0.0238930561248496,5,0.0297029702970297,26,1,"off",FALSE,0
"26.3",0.0190278438490606,7,0.0396039603960396,26,1,"off",FALSE,0
"26.4",0.0130675868592865,9,0.0495049504950495,26,1,"off",FALSE,0
"26.5",0.0127925771800316,11,0.0594059405940594,26,1,"off",FALSE,0
"26.6",0.01180442053398,13,0.0693069306930693,26,1,"off",FALSE,0
"26.7",0.0117018261023428,15,0.0792079207920792,26,1,"off",FALSE,0
"26.8",0.0116013844338304,17,0.0891089108910891,26,1,"off",FALSE,0
"26.9",0.00970602585905081,19,0.099009900990099,26,1,"off",FALSE,0
"26.10",0.00726125138324985,21,0.108910891089109,26,1,"off",FALSE,0
"26.11",0.00647688526642198,23,0.118811881188119,26,1,"off",FALSE,0
"26.12",0.00524745879035765,25,0.128712871287129,26,1,"off",FALSE,0
"26.13",0.0046143488293405,27,0.138613861386139,26,1,"off",FALSE,0
"26.14",0.00357119616705244,29,0.148514851485149,26,1,"off",FALSE,0
"27",0.0168581353597694,1,0.0099009900990099,27,1,"off",FALSE,0
"27.1",0.0223747826051741,3,0.0198019801980198,27,1,"off",FALSE,0
"27.2",0.0218154605530494,5,0.0297029702970297,27,1,"off",FALSE,0
"27.3",0.016403577499149,7,0.0396039603960396,27,1,"off",FALSE,0
"27.4",0.0112976863112994,9,0.0495049504950495,27,1,"off",FALSE,0
"27.5",0.0120540731218409,11,0.0594059405940594,27,1,"off",FALSE,0
"27.6",0.0112236289239574,13,0.0693069306930693,27,1,"off",FALSE,0
"27.7",0.011529235288165,15,0.0792079207920792,27,1,"off",FALSE,0
"27.8",0.0113974394046805,17,0.0891089108910891,27,1,"off",FALSE,0
"27.9",0.0093566338671762,19,0.099009900990099,27,1,"off",FALSE,0
"27.10",0.00769211292549067,21,0.108910891089109,27,1,"off",FALSE,0
"27.11",0.00688948710922688,23,0.118811881188119,27,1,"off",FALSE,0
"27.12",0.00577666076978696,25,0.128712871287129,27,1,"off",FALSE,0
"27.13",0.00528113141454127,27,0.138613861386139,27,1,"off",FALSE,0
"27.14",0.00438416695970395,29,0.148514851485149,27,1,"off",FALSE,0
"28",0.0177922912366348,1,0.0099009900990099,28,1,"off",FALSE,0
"28.1",0.0239038674539545,3,0.0198019801980198,28,1,"off",FALSE,0
"28.2",0.024147150982768,5,0.0297029702970297,28,1,"off",FALSE,0
"28.3",0.0191815325621933,7,0.0396039603960396,28,1,"off",FALSE,0
"28.4",0.0134307376098699,9,0.0495049504950495,28,1,"off",FALSE,0
"28.5",0.0130440578582326,11,0.0594059405940594,28,1,"off",FALSE,0
"28.6",0.012195889573212,13,0.0693069306930693,28,1,"off",FALSE,0
"28.7",0.011824555268993,15,0.0792079207920792,28,1,"off",FALSE,0
"28.8",0.0120828868693455,17,0.0891089108910891,28,1,"off",FALSE,0
"28.9",0.0101968001584013,19,0.099009900990099,28,1,"off",FALSE,0
"28.10",0.00777181567234262,21,0.108910891089109,28,1,"off",FALSE,0
"28.11",0.0070090540022942,23,0.118811881188119,28,1,"off",FALSE,0
"28.12",0.0058375844653053,25,0.128712871287129,28,1,"off",FALSE,0
"28.13",0.00491343586682702,27,0.138613861386139,28,1,"off",FALSE,0
"28.14",0.00388400715080014,29,0.148514851485149,28,1,"off",FALSE,0
"29",0.016731788621472,1,0.0099009900990099,29,1,"off",FALSE,0
"29.1",0.0224256561879729,3,0.0198019801980198,29,1,"off",FALSE,0
"29.2",0.0218008483230756,5,0.0297029702970297,29,1,"off",FALSE,0
"29.3",0.0165870694393246,7,0.0396039603960396,29,1,"off",FALSE,0
"29.4",0.011446576071373,9,0.0495049504950495,29,1,"off",FALSE,0
"29.5",0.0120474900592868,11,0.0594059405940594,29,1,"off",FALSE,0
"29.6",0.0113887312053205,13,0.0693069306930693,29,1,"off",FALSE,0
"29.7",0.0116534857106771,15,0.0792079207920792,29,1,"off",FALSE,0
"29.8",0.0113178192661339,17,0.0891089108910891,29,1,"off",FALSE,0
"29.9",0.00896628217826208,19,0.099009900990099,29,1,"off",FALSE,0
"29.10",0.0071770164307723,21,0.108910891089109,29,1,"off",FALSE,0
"29.11",0.0065044700384576,23,0.118811881188119,29,1,"off",FALSE,0
"29.12",0.00548690911272599,25,0.128712871287129,29,1,"off",FALSE,0
"29.13",0.00493157977330054,27,0.138613861386139,29,1,"off",FALSE,0
"29.14",0.00386666528262382,29,0.148514851485149,29,1,"off",FALSE,0
"30",0.0163899602858878,1,0.0099009900990099,30,1,"off",FALSE,0
"30.1",0.0219160436179035,3,0.0198019801980198,30,1,"off",FALSE,0
"30.2",0.0211310569077442,5,0.0297029702970297,30,1,"off",FALSE,0
"30.3",0.0155771988795908,7,0.0396039603960396,30,1,"off",FALSE,0
"30.4",0.0105936753121354,9,0.0495049504950495,30,1,"off",FALSE,0
"30.5",0.0115267683789441,11,0.0594059405940594,30,1,"off",FALSE,0
"30.6",0.010605156235776,13,0.0693069306930693,30,1,"off",FALSE,0
"30.7",0.0111658840892818,15,0.0792079207920792,30,1,"off",FALSE,0
"30.8",0.0104951853543868,17,0.0891089108910891,30,1,"off",FALSE,0
"30.9",0.00838699282700115,19,0.099009900990099,30,1,"off",FALSE,0
"30.10",0.00667821941565325,21,0.108910891089109,30,1,"off",FALSE,0
"30.11",0.00604467466614526,23,0.118811881188119,30,1,"off",FALSE,0
"30.12",0.0047133968649702,25,0.128712871287129,30,1,"off",FALSE,0
"30.13",0.0041030934240061,27,0.138613861386139,30,1,"off",FALSE,0
"30.14",0.00351297157694797,29,0.148514851485149,30,1,"off",FALSE,0
