"","Moran.global","P.value","run","Comparison.type","Yard.Diff","Neighbor.Distance","Num.Nursery","Mimicry","Constraints","Step","Run"
"1",0.134758770466404,0,1,"equal-or-greater",0,1,1,TRUE,"off",99,1
"2",0.173325167978492,0,2,"equal-or-greater",0,1,1,TRUE,"off",99,2
"3",0.0831730844081424,0,3,"equal-or-greater",0,1,1,TRUE,"off",99,3
"4",0.164435474596362,0,4,"equal-or-greater",0,1,1,TRUE,"off",99,4
"5",0.141480195099205,0,5,"equal-or-greater",0,1,1,TRUE,"off",99,5
"6",0.143078514844004,0,6,"equal-or-greater",0,1,1,TRUE,"off",99,6
"7",0.136305679028942,0,7,"equal-or-greater",0,1,1,TRUE,"off",99,7
"8",0.14069398609487,0,8,"equal-or-greater",0,1,1,TRUE,"off",99,8
"9",0.121462063647083,0,9,"equal-or-greater",0,1,1,TRUE,"off",99,9
"10",0.164380846647228,0,10,"equal-or-greater",0,1,1,TRUE,"off",99,10
"11",0.142135878844803,0,11,"equal-or-greater",0,3,1,TRUE,"off",99,11
"12",0.155731445412723,0,12,"equal-or-greater",0,3,1,TRUE,"off",99,12
"13",0.153207403210509,0,13,"equal-or-greater",0,3,1,TRUE,"off",99,13
"14",0.150118191814188,0,14,"equal-or-greater",0,3,1,TRUE,"off",99,14
"15",0.130778212001642,0,15,"equal-or-greater",0,3,1,TRUE,"off",99,15
"16",0.0915440837392395,0,16,"equal-or-greater",0,3,1,TRUE,"off",99,16
"17",0.117834560811639,0,17,"equal-or-greater",0,3,1,TRUE,"off",99,17
"18",0.188771822150255,0,18,"equal-or-greater",0,3,1,TRUE,"off",99,18
"19",0.153255495548838,0,19,"equal-or-greater",0,3,1,TRUE,"off",99,19
"20",0.278367957066171,0,20,"equal-or-greater",0,3,1,TRUE,"off",99,20
"21",0.0893113042228053,0,21,"equal-or-greater",0,6,1,TRUE,"off",99,21
"22",0.0755294020413843,0,22,"equal-or-greater",0,6,1,TRUE,"off",99,22
"23",0.203225359889737,0,23,"equal-or-greater",0,6,1,TRUE,"off",99,23
"24",0.190088139066095,0,24,"equal-or-greater",0,6,1,TRUE,"off",99,24
"25",0.202056314164261,0,25,"equal-or-greater",0,6,1,TRUE,"off",99,25
"26",0.11775670420549,0,26,"equal-or-greater",0,6,1,TRUE,"off",99,26
"27",0.0743394440693304,0,27,"equal-or-greater",0,6,1,TRUE,"off",99,27
"28",0.192834945457786,0,28,"equal-or-greater",0,6,1,TRUE,"off",99,28
"29",0.0614789581223455,0,29,"equal-or-greater",0,6,1,TRUE,"off",99,29
"30",0.0158909519286046,0,30,"equal-or-greater",0,6,1,TRUE,"off",99,30
"31",-0.000193895922200534,0.6128614121406,31,"equal-or-greater",0,9,1,TRUE,"off",94,31
"32",-0.000125524678469815,0.88465181755581,32,"equal-or-greater",0,9,1,TRUE,"off",72,32
"33",0.000227711415618017,0.0829233074673048,33,"equal-or-greater",0,9,1,TRUE,"off",91,33
"34",0.038074976099799,0,34,"equal-or-greater",0,9,1,TRUE,"off",99,34
"35",0.0591510949003261,0,35,"equal-or-greater",0,9,1,TRUE,"off",99,35
"36",-0.000149132379362063,0.787780157059759,36,"equal-or-greater",0,9,1,TRUE,"off",80,36
"37",0.000382547490618808,0.0111497848697371,37,"equal-or-greater",0,9,1,TRUE,"off",97,37
"38",0.108250708165702,0,38,"equal-or-greater",0,9,1,TRUE,"off",99,38
"39",-0.000165782494855111,0.72123116160585,39,"equal-or-greater",0,9,1,TRUE,"off",82,39
"40",-0.00023898846882609,0.458335054549916,40,"equal-or-greater",0,9,1,TRUE,"off",68,40
"41",6.48993258296978e-05,0.391456443609997,41,"equal-or-greater",0,12,1,TRUE,"off",44,41
"42",0.0001715029783288,0.155720007410763,42,"equal-or-greater",0,12,1,TRUE,"off",46,42
"43",-1.17654094148611e-05,0.649940681155208,43,"equal-or-greater",0,12,1,TRUE,"off",40,43
"44",0.000146402556989313,0.195149050884167,44,"equal-or-greater",0,12,1,TRUE,"off",63,44
"45",2.26918891886769e-06,0.597029167154894,45,"equal-or-greater",0,12,1,TRUE,"off",45,45
"46",-0.000144090336177163,0.80779709256309,46,"equal-or-greater",0,12,1,TRUE,"off",46,46
"47",-4.69144207842954e-05,0.787236309686755,47,"equal-or-greater",0,12,1,TRUE,"off",74,47
"48",-7.62773567733063e-05,0.908876970378599,48,"equal-or-greater",0,12,1,TRUE,"off",38,48
"49",0.000651160914875753,7.92197889458723e-05,49,"equal-or-greater",0,12,1,TRUE,"off",61,49
"50",-0.00013335828817918,0.852770367016014,50,"equal-or-greater",0,12,1,TRUE,"off",43,50
"51",0.0186095643914956,0,51,"equal-or-greater",1,1,1,TRUE,"off",30,51
"52",0.0199615095842761,0,52,"equal-or-greater",1,1,1,TRUE,"off",31,52
"53",0.0182534562918223,0,53,"equal-or-greater",1,1,1,TRUE,"off",35,53
"54",0.0165206417706494,0,54,"equal-or-greater",1,1,1,TRUE,"off",28,54
"55",0.0191886437808691,0,55,"equal-or-greater",1,1,1,TRUE,"off",48,55
"56",0.0200331038441153,0,56,"equal-or-greater",1,1,1,TRUE,"off",29,56
"57",0.0187361301898478,0,57,"equal-or-greater",1,1,1,TRUE,"off",32,57
"58",0.0175357122938532,0,58,"equal-or-greater",1,1,1,TRUE,"off",32,58
"59",0.0195538507770544,0,59,"equal-or-greater",1,1,1,TRUE,"off",29,59
"60",0.0189754720423806,0,60,"equal-or-greater",1,1,1,TRUE,"off",30,60
"61",0.0233654513163825,0,61,"equal-or-greater",1,3,1,TRUE,"off",27,61
"62",0.0198174930335742,0,62,"equal-or-greater",1,3,1,TRUE,"off",39,62
"63",0.0150394249290854,0,63,"equal-or-greater",1,3,1,TRUE,"off",39,63
"64",0.0172959574525908,0,64,"equal-or-greater",1,3,1,TRUE,"off",36,64
"65",0.0207368217218596,0,65,"equal-or-greater",1,3,1,TRUE,"off",28,65
"66",0.0188153923783784,0,66,"equal-or-greater",1,3,1,TRUE,"off",30,66
"67",0.0181556051030349,0,67,"equal-or-greater",1,3,1,TRUE,"off",45,67
"68",0.0181334641832967,0,68,"equal-or-greater",1,3,1,TRUE,"off",33,68
"69",0.0179628486963465,0,69,"equal-or-greater",1,3,1,TRUE,"off",28,69
"70",0.0147992834569028,0,70,"equal-or-greater",1,3,1,TRUE,"off",30,70
"71",0.00573393069478818,0,71,"equal-or-greater",1,6,1,TRUE,"off",37,71
"72",0.00919677511323155,0,72,"equal-or-greater",1,6,1,TRUE,"off",66,72
"73",0.00906248090230106,0,73,"equal-or-greater",1,6,1,TRUE,"off",49,73
"74",0.00618709456684614,0,74,"equal-or-greater",1,6,1,TRUE,"off",42,74
"75",0.00797650528665167,0,75,"equal-or-greater",1,6,1,TRUE,"off",53,75
"76",0.0135169610653475,0,76,"equal-or-greater",1,6,1,TRUE,"off",34,76
"77",0.00706141280684041,0,77,"equal-or-greater",1,6,1,TRUE,"off",33,77
"78",0.0125813957913821,0,78,"equal-or-greater",1,6,1,TRUE,"off",29,78
"79",0.0121102075304173,0,79,"equal-or-greater",1,6,1,TRUE,"off",41,79
"80",0.0087190505825921,0,80,"equal-or-greater",1,6,1,TRUE,"off",33,80
"81",0.00574250242787085,0,81,"equal-or-greater",1,9,1,TRUE,"off",53,81
"82",0.00441072288034226,0,82,"equal-or-greater",1,9,1,TRUE,"off",56,82
"83",0.00386629588406035,0,83,"equal-or-greater",1,9,1,TRUE,"off",42,83
"84",0.00700364018541165,0,84,"equal-or-greater",1,9,1,TRUE,"off",38,84
"85",0.00358414824881738,0,85,"equal-or-greater",1,9,1,TRUE,"off",49,85
"86",0.00611342617953328,0,86,"equal-or-greater",1,9,1,TRUE,"off",40,86
"87",0.0103317986260111,0,87,"equal-or-greater",1,9,1,TRUE,"off",40,87
"88",0.0112791191512796,0,88,"equal-or-greater",1,9,1,TRUE,"off",42,88
"89",0.00452001479293661,0,89,"equal-or-greater",1,9,1,TRUE,"off",56,89
"90",0.00853442139272651,0,90,"equal-or-greater",1,9,1,TRUE,"off",56,90
"91",0.00154024859773058,0,91,"equal-or-greater",1,12,1,TRUE,"off",66,91
"92",0.00955714099404377,0,92,"equal-or-greater",1,12,1,TRUE,"off",43,92
"93",0.00466117544082588,0,93,"equal-or-greater",1,12,1,TRUE,"off",35,93
"94",0.0019384452074236,0,94,"equal-or-greater",1,12,1,TRUE,"off",49,94
"95",0.0059694808173895,0,95,"equal-or-greater",1,12,1,TRUE,"off",65,95
"96",0.00134093130063343,5.06261699229071e-14,96,"equal-or-greater",1,12,1,TRUE,"off",55,96
"97",0.00297639046261499,0,97,"equal-or-greater",1,12,1,TRUE,"off",42,97
"98",0.00374405674669953,0,98,"equal-or-greater",1,12,1,TRUE,"off",65,98
"99",0.00752889997916275,0,99,"equal-or-greater",1,12,1,TRUE,"off",61,99
"100",0.00438347061388639,0,100,"equal-or-greater",1,12,1,TRUE,"off",92,100
"101",0.00943198842050678,0,101,"equal-or-greater",2,1,1,TRUE,"off",24,101
"102",0.00794880216553831,0,102,"equal-or-greater",2,1,1,TRUE,"off",23,102
"103",0.0101049908224323,0,103,"equal-or-greater",2,1,1,TRUE,"off",23,103
"104",0.00772806479876435,0,104,"equal-or-greater",2,1,1,TRUE,"off",25,104
"105",0.00873164422013689,0,105,"equal-or-greater",2,1,1,TRUE,"off",18,105
"106",0.00887566405591024,0,106,"equal-or-greater",2,1,1,TRUE,"off",26,106
"107",0.00716345720631438,0,107,"equal-or-greater",2,1,1,TRUE,"off",25,107
"108",0.00817833104060457,0,108,"equal-or-greater",2,1,1,TRUE,"off",23,108
"109",0.00904752442497118,0,109,"equal-or-greater",2,1,1,TRUE,"off",22,109
"110",0.00778431180269919,0,110,"equal-or-greater",2,1,1,TRUE,"off",22,110
"111",0.00586229070385664,0,111,"equal-or-greater",2,3,1,TRUE,"off",16,111
"112",0.00710171510468119,0,112,"equal-or-greater",2,3,1,TRUE,"off",18,112
"113",0.00660614011846175,0,113,"equal-or-greater",2,3,1,TRUE,"off",16,113
"114",0.00667019070880179,0,114,"equal-or-greater",2,3,1,TRUE,"off",21,114
"115",0.00596431738542238,0,115,"equal-or-greater",2,3,1,TRUE,"off",16,115
"116",0.00522478291558416,0,116,"equal-or-greater",2,3,1,TRUE,"off",18,116
"117",0.00591673293301139,0,117,"equal-or-greater",2,3,1,TRUE,"off",19,117
"118",0.00688355093162918,0,118,"equal-or-greater",2,3,1,TRUE,"off",21,118
"119",0.00502508122363928,0,119,"equal-or-greater",2,3,1,TRUE,"off",18,119
"120",0.00712505299885132,0,120,"equal-or-greater",2,3,1,TRUE,"off",19,120
"121",0.00501197222505472,0,121,"equal-or-greater",2,6,1,TRUE,"off",22,121
"122",0.00406999407612898,0,122,"equal-or-greater",2,6,1,TRUE,"off",22,122
"123",0.00357854866953289,0,123,"equal-or-greater",2,6,1,TRUE,"off",26,123
"124",0.0034128490842426,0,124,"equal-or-greater",2,6,1,TRUE,"off",19,124
"125",0.00473695466414097,0,125,"equal-or-greater",2,6,1,TRUE,"off",21,125
"126",0.00332620126415164,0,126,"equal-or-greater",2,6,1,TRUE,"off",17,126
"127",0.00339080713660107,0,127,"equal-or-greater",2,6,1,TRUE,"off",17,127
"128",0.00287888606264598,0,128,"equal-or-greater",2,6,1,TRUE,"off",21,128
"129",0.00202790897267857,0,129,"equal-or-greater",2,6,1,TRUE,"off",23,129
"130",0.00436737970971763,0,130,"equal-or-greater",2,6,1,TRUE,"off",27,130
"131",0.00248661775782982,0,131,"equal-or-greater",2,9,1,TRUE,"off",35,131
"132",0.00241285491668288,0,132,"equal-or-greater",2,9,1,TRUE,"off",27,132
"133",0.00122612242508768,4.39848157895995e-12,133,"equal-or-greater",2,9,1,TRUE,"off",23,133
"134",0.00319015637123877,0,134,"equal-or-greater",2,9,1,TRUE,"off",23,134
"135",0.00275913019906237,0,135,"equal-or-greater",2,9,1,TRUE,"off",17,135
"136",0.00124051378186248,2.57505128331559e-12,136,"equal-or-greater",2,9,1,TRUE,"off",18,136
"137",0.00138225198182843,9.76996261670138e-15,137,"equal-or-greater",2,9,1,TRUE,"off",36,137
"138",0.00174799523511927,0,138,"equal-or-greater",2,9,1,TRUE,"off",25,138
"139",0.00151882865359428,0,139,"equal-or-greater",2,9,1,TRUE,"off",36,139
"140",0.00219085915246857,0,140,"equal-or-greater",2,9,1,TRUE,"off",43,140
"141",0.00253969826415555,0,141,"equal-or-greater",2,12,1,TRUE,"off",21,141
"142",0.00185421626580953,0,142,"equal-or-greater",2,12,1,TRUE,"off",34,142
"143",0.00178867616933796,0,143,"equal-or-greater",2,12,1,TRUE,"off",29,143
"144",0.00208067947668859,0,144,"equal-or-greater",2,12,1,TRUE,"off",22,144
"145",0.0013357505474484,6.52811138479592e-14,145,"equal-or-greater",2,12,1,TRUE,"off",39,145
"146",0.00167963143993357,0,146,"equal-or-greater",2,12,1,TRUE,"off",34,146
"147",0.00178218451867839,0,147,"equal-or-greater",2,12,1,TRUE,"off",28,147
"148",0.00194707757977982,0,148,"equal-or-greater",2,12,1,TRUE,"off",25,148
"149",0.00212439386332609,0,149,"equal-or-greater",2,12,1,TRUE,"off",27,149
"150",0.00203919578552472,0,150,"equal-or-greater",2,12,1,TRUE,"off",31,150
"151",0.00540355553600877,0,151,"equal-or-greater",3,1,1,TRUE,"off",25,151
"152",0.00452792188747936,0,152,"equal-or-greater",3,1,1,TRUE,"off",19,152
"153",0.00468900540222789,0,153,"equal-or-greater",3,1,1,TRUE,"off",17,153
"154",0.00501812539357622,0,154,"equal-or-greater",3,1,1,TRUE,"off",17,154
"155",0.00506356175348081,0,155,"equal-or-greater",3,1,1,TRUE,"off",15,155
"156",0.00515269686016114,0,156,"equal-or-greater",3,1,1,TRUE,"off",19,156
"157",0.00511932243585691,0,157,"equal-or-greater",3,1,1,TRUE,"off",18,157
"158",0.00458978223524734,0,158,"equal-or-greater",3,1,1,TRUE,"off",20,158
"159",0.00572891883824305,0,159,"equal-or-greater",3,1,1,TRUE,"off",18,159
"160",0.00399683952864198,0,160,"equal-or-greater",3,1,1,TRUE,"off",15,160
"161",0.00240426609463698,0,161,"equal-or-greater",3,3,1,TRUE,"off",11,161
"162",0.00213971033960702,0,162,"equal-or-greater",3,3,1,TRUE,"off",11,162
"163",0.00254551800304927,0,163,"equal-or-greater",3,3,1,TRUE,"off",10,163
"164",0.00286586354262872,0,164,"equal-or-greater",3,3,1,TRUE,"off",13,164
"165",0.00320147403453024,0,165,"equal-or-greater",3,3,1,TRUE,"off",12,165
"166",0.0021834313536404,0,166,"equal-or-greater",3,3,1,TRUE,"off",13,166
"167",0.00292554375871176,0,167,"equal-or-greater",3,3,1,TRUE,"off",10,167
"168",0.00207228878064268,0,168,"equal-or-greater",3,3,1,TRUE,"off",12,168
"169",0.00317766667023475,0,169,"equal-or-greater",3,3,1,TRUE,"off",12,169
"170",0.00272090093937703,0,170,"equal-or-greater",3,3,1,TRUE,"off",13,170
"171",0.00157053875447251,0,171,"equal-or-greater",3,6,1,TRUE,"off",10,171
"172",0.00140214354028947,4.44089209850063e-15,172,"equal-or-greater",3,6,1,TRUE,"off",10,172
"173",0.00129724096768912,2.98872038229092e-13,173,"equal-or-greater",3,6,1,TRUE,"off",12,173
"174",0.00229491886309834,0,174,"equal-or-greater",3,6,1,TRUE,"off",10,174
"175",0.00169551274653161,0,175,"equal-or-greater",3,6,1,TRUE,"off",12,175
"176",0.000884494554654568,2.79545059544972e-07,176,"equal-or-greater",3,6,1,TRUE,"off",12,176
"177",0.00110983456511863,2.69517519413398e-10,177,"equal-or-greater",3,6,1,TRUE,"off",11,177
"178",0.00224605280261371,0,178,"equal-or-greater",3,6,1,TRUE,"off",10,178
"179",0.00128463555652394,4.85611550971043e-13,179,"equal-or-greater",3,6,1,TRUE,"off",11,179
"180",0.00149197633805377,0,180,"equal-or-greater",3,6,1,TRUE,"off",11,180
"181",0.00110598547120096,3.07771141905278e-10,181,"equal-or-greater",3,9,1,TRUE,"off",15,181
"182",0.000720368048384255,1.87630458063914e-05,182,"equal-or-greater",3,9,1,TRUE,"off",15,182
"183",0.000629541186414312,0.000142489897897891,183,"equal-or-greater",3,9,1,TRUE,"off",12,183
"184",0.00132408246672711,1.03916875104915e-13,184,"equal-or-greater",3,9,1,TRUE,"off",18,184
"185",0.0015836324191216,0,185,"equal-or-greater",3,9,1,TRUE,"off",9,185
"186",0.000973914602852068,2.09196093781117e-08,186,"equal-or-greater",3,9,1,TRUE,"off",12,186
"187",0.00109844992510669,3.9633829551633e-10,187,"equal-or-greater",3,9,1,TRUE,"off",14,187
"188",0.000896460877036874,1.99814469414861e-07,188,"equal-or-greater",3,9,1,TRUE,"off",14,188
"189",0.000802659937073182,2.4904108255619e-06,189,"equal-or-greater",3,9,1,TRUE,"off",13,189
"190",0.000954920051506173,3.68173955767048e-08,190,"equal-or-greater",3,9,1,TRUE,"off",25,190
"191",0.000280411347658309,0.0478520473682933,191,"equal-or-greater",3,12,1,TRUE,"off",24,191
"192",0.00111624144480421,2.17835749438677e-10,192,"equal-or-greater",3,12,1,TRUE,"off",13,192
"193",0.00126249665632282,1.13109521748811e-12,193,"equal-or-greater",3,12,1,TRUE,"off",11,193
"194",0.000435974560576927,0.00523519524986615,194,"equal-or-greater",3,12,1,TRUE,"off",24,194
"195",0.000953296672426416,3.8696162496521e-08,195,"equal-or-greater",3,12,1,TRUE,"off",19,195
"196",0.00101589238659589,5.74934855279707e-09,196,"equal-or-greater",3,12,1,TRUE,"off",16,196
"197",0.00136428870725773,2.08721928629529e-14,197,"equal-or-greater",3,12,1,TRUE,"off",20,197
"198",0.00129148753331298,3.73701070088828e-13,198,"equal-or-greater",3,12,1,TRUE,"off",13,198
"199",0.000522454785694486,0.00117836012331662,199,"equal-or-greater",3,12,1,TRUE,"off",13,199
"200",0.000580584395557276,0.000387799675259926,200,"equal-or-greater",3,12,1,TRUE,"off",19,200
"201",0.00303667558472931,0,201,"equal-or-greater",4,1,1,TRUE,"off",16,201
"202",0.00338106754969454,0,202,"equal-or-greater",4,1,1,TRUE,"off",15,202
"203",0.00444690529992358,0,203,"equal-or-greater",4,1,1,TRUE,"off",18,203
"204",0.00302092868296502,0,204,"equal-or-greater",4,1,1,TRUE,"off",16,204
"205",0.0033806322297513,0,205,"equal-or-greater",4,1,1,TRUE,"off",16,205
"206",0.00328196768934673,0,206,"equal-or-greater",4,1,1,TRUE,"off",22,206
"207",0.00278331859381854,0,207,"equal-or-greater",4,1,1,TRUE,"off",14,207
"208",0.00284315110499991,0,208,"equal-or-greater",4,1,1,TRUE,"off",18,208
"209",0.00296493554164182,0,209,"equal-or-greater",4,1,1,TRUE,"off",18,209
"210",0.00352318066547669,0,210,"equal-or-greater",4,1,1,TRUE,"off",13,210
"211",0.00155665918000749,0,211,"equal-or-greater",4,3,1,TRUE,"off",7,211
"212",0.00076181130486532,6.94839274095749e-06,212,"equal-or-greater",4,3,1,TRUE,"off",8,212
"213",0.00147765397498092,2.22044604925031e-16,213,"equal-or-greater",4,3,1,TRUE,"off",8,213
"214",0.00202759794442665,0,214,"equal-or-greater",4,3,1,TRUE,"off",10,214
"215",0.00102182907214083,4.78510786550146e-09,215,"equal-or-greater",4,3,1,TRUE,"off",10,215
"216",0.00105995108445373,1.40959643957217e-09,216,"equal-or-greater",4,3,1,TRUE,"off",8,216
"217",0.00143003498358311,1.33226762955019e-15,217,"equal-or-greater",4,3,1,TRUE,"off",12,217
"218",0.000792156135160305,3.2575989477035e-06,218,"equal-or-greater",4,3,1,TRUE,"off",7,218
"219",0.000777269871331669,4.74085099155808e-06,219,"equal-or-greater",4,3,1,TRUE,"off",8,219
"220",0.000771674226975025,5.44877466812643e-06,220,"equal-or-greater",4,3,1,TRUE,"off",8,220
"221",0.000628724907785668,0.000145048766187594,221,"equal-or-greater",4,6,1,TRUE,"off",5,221
"222",0.000397624072670005,0.00956337311412447,222,"equal-or-greater",4,6,1,TRUE,"off",5,222
"223",0.000621848719237406,0.00016749321372167,223,"equal-or-greater",4,6,1,TRUE,"off",6,223
"224",0.000493132432120051,0.00199743745358694,224,"equal-or-greater",4,6,1,TRUE,"off",8,224
"225",0.00026620405356451,0.056877748485153,225,"equal-or-greater",4,6,1,TRUE,"off",7,225
"226",0.000537749678668697,0.000886919964630861,226,"equal-or-greater",4,6,1,TRUE,"off",5,226
"227",9.15541253565805e-05,0.321565827966564,227,"equal-or-greater",4,6,1,TRUE,"off",6,227
"228",8.51283757830938e-05,0.338267447272688,228,"equal-or-greater",4,6,1,TRUE,"off",5,228
"229",0.00041513718217736,0.0073005840193594,229,"equal-or-greater",4,6,1,TRUE,"off",6,229
"230",0.000434563984062547,0.00536066234286925,230,"equal-or-greater",4,6,1,TRUE,"off",7,230
"231",0.000579003208762628,0.000400920950833328,231,"equal-or-greater",4,9,1,TRUE,"off",7,231
"232",0.000444847912030589,0.00453823609800552,232,"equal-or-greater",4,9,1,TRUE,"off",9,232
"233",3.07918707527964e-05,0.500618241539759,233,"equal-or-greater",4,9,1,TRUE,"off",5,233
"234",0.00013412323641679,0.224843318890241,234,"equal-or-greater",4,9,1,TRUE,"off",7,234
"235",6.42903431774396e-05,0.396083407786821,235,"equal-or-greater",4,9,1,TRUE,"off",10,235
"236",0.000502041549581061,0.00170581299964168,236,"equal-or-greater",4,9,1,TRUE,"off",7,236
"237",0.000222626186643664,0.0936519552993571,237,"equal-or-greater",4,9,1,TRUE,"off",7,237
"238",0.000105223378727956,0.287935509534639,238,"equal-or-greater",4,9,1,TRUE,"off",5,238
"239",0.000252150143983349,0.0671294536140501,239,"equal-or-greater",4,9,1,TRUE,"off",6,239
"240",-0.000259784002301588,0.397827970731808,240,"equal-or-greater",4,9,1,TRUE,"off",10,240
"241",-0.000143795549525679,0.81094400150763,241,"equal-or-greater",4,12,1,TRUE,"off",13,241
"242",0.000256551656936045,0.0637830975210969,242,"equal-or-greater",4,12,1,TRUE,"off",13,242
"243",-0.000274282791604828,0.356825454057578,243,"equal-or-greater",4,12,1,TRUE,"off",8,243
"244",0.000347798702202262,0.0197654392325977,244,"equal-or-greater",4,12,1,TRUE,"off",8,244
"245",0.000295064700718021,0.0398635420692435,245,"equal-or-greater",4,12,1,TRUE,"off",6,245
"246",0.000243954843504897,0.0737847838801979,246,"equal-or-greater",4,12,1,TRUE,"off",8,246
"247",0.000325558749022672,0.0267936054338596,247,"equal-or-greater",4,12,1,TRUE,"off",7,247
"248",5.59669722652632e-05,0.420745213303421,248,"equal-or-greater",4,12,1,TRUE,"off",7,248
"249",6.76288553682805e-05,0.386464820770746,249,"equal-or-greater",4,12,1,TRUE,"off",5,249
"250",9.17314628241412e-05,0.321150473599931,250,"equal-or-greater",4,12,1,TRUE,"off",8,250
"251",0.157692358453029,0,251,"equal",0,1,1,TRUE,"off",99,251
"252",0.109633085176133,0,252,"equal",0,1,1,TRUE,"off",99,252
"253",0.112402207917565,0,253,"equal",0,1,1,TRUE,"off",99,253
"254",0.0926226626426867,0,254,"equal",0,1,1,TRUE,"off",99,254
"255",0.151833499594963,0,255,"equal",0,1,1,TRUE,"off",99,255
"256",0.111506129649514,0,256,"equal",0,1,1,TRUE,"off",99,256
"257",0.113100245117394,0,257,"equal",0,1,1,TRUE,"off",99,257
"258",0.115578814005759,0,258,"equal",0,1,1,TRUE,"off",99,258
"259",0.170914189340716,0,259,"equal",0,1,1,TRUE,"off",99,259
"260",0.109885366895286,0,260,"equal",0,1,1,TRUE,"off",99,260
"261",0.243825223094976,0,261,"equal",0,3,1,TRUE,"off",99,261
"262",0.176516938838188,0,262,"equal",0,3,1,TRUE,"off",99,262
"263",0.146142764084145,0,263,"equal",0,3,1,TRUE,"off",99,263
"264",0.119436478153394,0,264,"equal",0,3,1,TRUE,"off",99,264
"265",0.208843852666069,0,265,"equal",0,3,1,TRUE,"off",87,265
"266",0.196433982982484,0,266,"equal",0,3,1,TRUE,"off",99,266
"267",0.18514054090418,0,267,"equal",0,3,1,TRUE,"off",99,267
"268",0.136071138028585,0,268,"equal",0,3,1,TRUE,"off",99,268
"269",0.21138145483384,0,269,"equal",0,3,1,TRUE,"off",99,269
"270",0.244852921863952,0,270,"equal",0,3,1,TRUE,"off",99,270
"271",0.237156757911454,0,271,"equal",0,6,1,TRUE,"off",99,271
"272",0.345095641582388,0,272,"equal",0,6,1,TRUE,"off",99,272
"273",0.217401259146251,0,274,"equal",0,6,1,TRUE,"off",99,273
"274",0.287074819839055,0,275,"equal",0,6,1,TRUE,"off",99,274
"275",0.322049970803056,0,276,"equal",0,6,1,TRUE,"off",99,275
"276",0.146741672077739,0,277,"equal",0,6,1,TRUE,"off",99,276
"277",0.269361408650374,0,278,"equal",0,6,1,TRUE,"off",99,277
"278",0.267268252723733,0,279,"equal",0,6,1,TRUE,"off",99,278
"279",0.368715276616026,0,280,"equal",0,6,1,TRUE,"off",99,279
"280",0.296126164305124,0,281,"equal",0,9,1,TRUE,"off",99,280
"281",0.148220059530873,0,282,"equal",0,9,1,TRUE,"off",99,281
"282",0.317994419319191,0,284,"equal",0,9,1,TRUE,"off",99,282
"283",0.31236007133371,0,286,"equal",0,9,1,TRUE,"off",99,283
"284",0.219579313239401,0,287,"equal",0,9,1,TRUE,"off",99,284
"285",0.359739362568502,0,288,"equal",0,9,1,TRUE,"off",99,285
"286",0.358361775562278,0,289,"equal",0,9,1,TRUE,"off",99,286
"287",0.216338470133142,0,290,"equal",0,9,1,TRUE,"off",99,287
"288",0.342959226044771,0,294,"equal",0,12,1,TRUE,"off",99,288
"289",0.323342023117185,0,295,"equal",0,12,1,TRUE,"off",99,289
"290",0.360555788267482,0,297,"equal",0,12,1,TRUE,"off",99,290
"291",0.0191412079482938,0,301,"equal",1,1,1,TRUE,"off",37,291
"292",0.0189395930114317,0,302,"equal",1,1,1,TRUE,"off",42,292
"293",0.0190811899853215,0,303,"equal",1,1,1,TRUE,"off",40,293
"294",0.0188476934723372,0,304,"equal",1,1,1,TRUE,"off",30,294
"295",0.0200461446728781,0,305,"equal",1,1,1,TRUE,"off",43,295
"296",0.0205441960546568,0,306,"equal",1,1,1,TRUE,"off",40,296
"297",0.0201653962858573,0,307,"equal",1,1,1,TRUE,"off",36,297
"298",0.0240156691234789,0,308,"equal",1,1,1,TRUE,"off",36,298
"299",0.0175646378334072,0,309,"equal",1,1,1,TRUE,"off",35,299
"300",0.0175616550232629,0,310,"equal",1,1,1,TRUE,"off",36,300
"301",0.0387950622705744,0,311,"equal",1,3,1,TRUE,"off",37,301
"302",0.0369053149854271,0,312,"equal",1,3,1,TRUE,"off",35,302
"303",0.0348784202583846,0,313,"equal",1,3,1,TRUE,"off",37,303
"304",0.0484402009232878,0,314,"equal",1,3,1,TRUE,"off",46,304
"305",0.0332329097488523,0,315,"equal",1,3,1,TRUE,"off",41,305
"306",0.0309420468705063,0,316,"equal",1,3,1,TRUE,"off",42,306
"307",0.0350097266857787,0,317,"equal",1,3,1,TRUE,"off",40,307
"308",0.0370758352917899,0,318,"equal",1,3,1,TRUE,"off",47,308
"309",0.0353984487646017,0,319,"equal",1,3,1,TRUE,"off",39,309
"310",0.0364674965319942,0,320,"equal",1,3,1,TRUE,"off",36,310
"311",0.0388309975249205,0,321,"equal",1,6,1,TRUE,"off",39,311
"312",0.0293870684914148,0,322,"equal",1,6,1,TRUE,"off",63,312
"313",0.0376893288911952,0,323,"equal",1,6,1,TRUE,"off",44,313
"314",0.0375950518475943,0,324,"equal",1,6,1,TRUE,"off",39,314
"315",0.038390643083606,0,325,"equal",1,6,1,TRUE,"off",36,315
"316",0.0451670545125376,0,326,"equal",1,6,1,TRUE,"off",41,316
"317",0.0286236627649593,0,327,"equal",1,6,1,TRUE,"off",42,317
"318",0.0334875120229347,0,328,"equal",1,6,1,TRUE,"off",43,318
"319",0.0373103699085364,0,329,"equal",1,6,1,TRUE,"off",42,319
"320",0.0439073371686971,0,330,"equal",1,6,1,TRUE,"off",36,320
"321",0.0291332998496366,0,331,"equal",1,9,1,TRUE,"off",51,321
"322",0.0313540947381375,0,332,"equal",1,9,1,TRUE,"off",41,322
"323",0.0608432838658527,0,333,"equal",1,9,1,TRUE,"off",40,323
"324",0.0268814630640011,0,334,"equal",1,9,1,TRUE,"off",48,324
"325",0.0299758045888045,0,335,"equal",1,9,1,TRUE,"off",44,325
"326",0.023487079192525,0,336,"equal",1,9,1,TRUE,"off",51,326
"327",0.0231607193748847,0,337,"equal",1,9,1,TRUE,"off",35,327
"328",0.0369511492695661,0,338,"equal",1,9,1,TRUE,"off",35,328
"329",0.0392381312867728,0,339,"equal",1,9,1,TRUE,"off",44,329
"330",0.029449433373116,0,340,"equal",1,9,1,TRUE,"off",50,330
"331",0.0371779114332634,0,341,"equal",1,12,1,TRUE,"off",42,331
"332",0.0346561719157838,0,342,"equal",1,12,1,TRUE,"off",52,332
"333",0.0191327399391264,0,343,"equal",1,12,1,TRUE,"off",44,333
"334",0.031446160138138,0,344,"equal",1,12,1,TRUE,"off",48,334
"335",0.0299679798051404,0,345,"equal",1,12,1,TRUE,"off",38,335
"336",0.0257390603264297,0,346,"equal",1,12,1,TRUE,"off",51,336
"337",0.033836764936991,0,347,"equal",1,12,1,TRUE,"off",39,337
"338",0.0322006045721562,0,348,"equal",1,12,1,TRUE,"off",51,338
"339",0.031928600453463,0,349,"equal",1,12,1,TRUE,"off",43,339
"340",0.0284810267511279,0,350,"equal",1,12,1,TRUE,"off",36,340
"341",0.0105827806254267,0,351,"equal",2,1,1,TRUE,"off",34,341
"342",0.0118336042078045,0,352,"equal",2,1,1,TRUE,"off",33,342
"343",0.0104511488459606,0,353,"equal",2,1,1,TRUE,"off",30,343
"344",0.0124721990766138,0,354,"equal",2,1,1,TRUE,"off",34,344
"345",0.00990251727738206,0,355,"equal",2,1,1,TRUE,"off",34,345
"346",0.0106378749098047,0,356,"equal",2,1,1,TRUE,"off",42,346
"347",0.011797008754181,0,357,"equal",2,1,1,TRUE,"off",31,347
"348",0.0117326142153574,0,358,"equal",2,1,1,TRUE,"off",43,348
"349",0.0110413813623873,0,359,"equal",2,1,1,TRUE,"off",31,349
"350",0.0109163793262149,0,360,"equal",2,1,1,TRUE,"off",32,350
"351",0.0126847698552013,0,361,"equal",2,3,1,TRUE,"off",36,351
"352",0.0157267658096302,0,362,"equal",2,3,1,TRUE,"off",41,352
"353",0.0112044377710712,0,363,"equal",2,3,1,TRUE,"off",34,353
"354",0.0126053724986047,0,364,"equal",2,3,1,TRUE,"off",47,354
"355",0.0126479733909908,0,365,"equal",2,3,1,TRUE,"off",38,355
"356",0.0116388474294088,0,366,"equal",2,3,1,TRUE,"off",44,356
"357",0.0158039238205626,0,367,"equal",2,3,1,TRUE,"off",43,357
"358",0.0168536684084816,0,368,"equal",2,3,1,TRUE,"off",44,358
"359",0.0109635751136925,0,369,"equal",2,3,1,TRUE,"off",39,359
"360",0.0134457379469261,0,370,"equal",2,3,1,TRUE,"off",36,360
"361",0.0108398136677233,0,371,"equal",2,6,1,TRUE,"off",45,361
"362",0.0111966190566047,0,372,"equal",2,6,1,TRUE,"off",47,362
"363",0.0118130395907915,0,373,"equal",2,6,1,TRUE,"off",34,363
"364",0.00808260179785917,0,374,"equal",2,6,1,TRUE,"off",57,364
"365",0.00992999694767467,0,375,"equal",2,6,1,TRUE,"off",37,365
"366",0.00950046462610989,0,376,"equal",2,6,1,TRUE,"off",49,366
"367",0.0113425078128117,0,377,"equal",2,6,1,TRUE,"off",49,367
"368",0.0104748769309203,0,378,"equal",2,6,1,TRUE,"off",38,368
"369",0.00928816569745001,0,379,"equal",2,6,1,TRUE,"off",39,369
"370",0.00937602967409495,0,380,"equal",2,6,1,TRUE,"off",40,370
"371",0.00956520197225432,0,381,"equal",2,9,1,TRUE,"off",53,371
"372",0.0109523022475063,0,382,"equal",2,9,1,TRUE,"off",52,372
"373",0.00966739525980235,0,383,"equal",2,9,1,TRUE,"off",39,373
"374",0.00975000292641847,0,384,"equal",2,9,1,TRUE,"off",44,374
"375",0.0123454207404169,0,385,"equal",2,9,1,TRUE,"off",38,375
"376",0.00785168965415677,0,386,"equal",2,9,1,TRUE,"off",47,376
"377",0.0122401157439924,0,387,"equal",2,9,1,TRUE,"off",55,377
"378",0.00938084683201344,0,388,"equal",2,9,1,TRUE,"off",49,378
"379",0.00945463701381223,0,389,"equal",2,9,1,TRUE,"off",42,379
"380",0.00916052159193721,0,390,"equal",2,9,1,TRUE,"off",42,380
"381",0.0086675852702645,0,391,"equal",2,12,1,TRUE,"off",36,381
"382",0.0114503403290304,0,392,"equal",2,12,1,TRUE,"off",40,382
"383",0.00359494333471572,0,393,"equal",2,12,1,TRUE,"off",39,383
"384",0.00833029957526187,0,394,"equal",2,12,1,TRUE,"off",46,384
"385",0.00256679913879748,0,395,"equal",2,12,1,TRUE,"off",42,385
"386",0.00828339147898586,0,396,"equal",2,12,1,TRUE,"off",39,386
"387",0.0110438143039865,0,397,"equal",2,12,1,TRUE,"off",41,387
"388",0.013163973424552,0,398,"equal",2,12,1,TRUE,"off",49,388
"389",0.0113520838609796,0,399,"equal",2,12,1,TRUE,"off",41,389
"390",0.00832562562349516,0,400,"equal",2,12,1,TRUE,"off",54,390
"391",0.00748094211425485,0,401,"equal",3,1,1,TRUE,"off",35,391
"392",0.00678059158697456,0,402,"equal",3,1,1,TRUE,"off",48,392
"393",0.00873304668494761,0,403,"equal",3,1,1,TRUE,"off",36,393
"394",0.00660252450590501,0,404,"equal",3,1,1,TRUE,"off",48,394
"395",0.00706322728308024,0,405,"equal",3,1,1,TRUE,"off",34,395
"396",0.00651686100132912,0,406,"equal",3,1,1,TRUE,"off",37,396
"397",0.00625854113390323,0,407,"equal",3,1,1,TRUE,"off",28,397
"398",0.00592590807696577,0,408,"equal",3,1,1,TRUE,"off",36,398
"399",0.00756410165341836,0,409,"equal",3,1,1,TRUE,"off",32,399
"400",0.00706840061706698,0,410,"equal",3,1,1,TRUE,"off",37,400
"401",0.00579134820101973,0,411,"equal",3,3,1,TRUE,"off",43,401
"402",0.00544082706879287,0,412,"equal",3,3,1,TRUE,"off",43,402
"403",0.00630257772702277,0,413,"equal",3,3,1,TRUE,"off",46,403
"404",0.0058084522922578,0,414,"equal",3,3,1,TRUE,"off",40,404
"405",0.00746331909253676,0,415,"equal",3,3,1,TRUE,"off",37,405
"406",0.0046821708689833,0,416,"equal",3,3,1,TRUE,"off",44,406
"407",0.0054542568317432,0,417,"equal",3,3,1,TRUE,"off",41,407
"408",0.0057467717183168,0,418,"equal",3,3,1,TRUE,"off",41,408
"409",0.00762141401452619,0,419,"equal",3,3,1,TRUE,"off",43,409
"410",0.00630602195206576,0,420,"equal",3,3,1,TRUE,"off",37,410
"411",0.00275900308353012,0,421,"equal",3,6,1,TRUE,"off",34,411
"412",0.00303327057841054,0,422,"equal",3,6,1,TRUE,"off",41,412
"413",0.00290377731430711,0,423,"equal",3,6,1,TRUE,"off",42,413
"414",0.00414567480311144,0,424,"equal",3,6,1,TRUE,"off",37,414
"415",0.00440616558220759,0,425,"equal",3,6,1,TRUE,"off",66,415
"416",0.00300087417311406,0,426,"equal",3,6,1,TRUE,"off",34,416
"417",0.0043772183577309,0,427,"equal",3,6,1,TRUE,"off",47,417
"418",0.00355265485450418,0,428,"equal",3,6,1,TRUE,"off",35,418
"419",0.00309242721772105,0,429,"equal",3,6,1,TRUE,"off",41,419
"420",0.00320718121995365,0,430,"equal",3,6,1,TRUE,"off",39,420
"421",0.00177918285130793,0,431,"equal",3,9,1,TRUE,"off",41,421
"422",9.43972742040837e-05,0.3145832158232,432,"equal",3,9,1,TRUE,"off",41,422
"423",0.00282529093561948,0,433,"equal",3,9,1,TRUE,"off",42,423
"424",0.00167621343082535,0,434,"equal",3,9,1,TRUE,"off",45,424
"425",0.00066346951538961,6.90428731142667e-05,435,"equal",3,9,1,TRUE,"off",39,425
"426",0.00264027515748283,0,436,"equal",3,9,1,TRUE,"off",41,426
"427",0.00197046936010346,0,437,"equal",3,9,1,TRUE,"off",44,427
"428",0.00125641974424525,1.45972123277716e-12,438,"equal",3,9,1,TRUE,"off",36,428
"429",0.00127255541324436,7.91589016557737e-13,439,"equal",3,9,1,TRUE,"off",41,429
"430",0.00139308867684024,6.66133814775094e-15,440,"equal",3,9,1,TRUE,"off",62,430
"431",3.57276690813063e-05,0.484520794149484,441,"equal",3,12,1,TRUE,"off",42,431
"432",0.00024493277555373,0.073079566608566,442,"equal",3,12,1,TRUE,"off",37,432
"433",0.000238464090908982,0.078657788282404,443,"equal",3,12,1,TRUE,"off",36,433
"434",0.00051378786255933,0.00138701865045054,444,"equal",3,12,1,TRUE,"off",32,434
"435",0.00097870890016025,1.83407355969223e-08,445,"equal",3,12,1,TRUE,"off",37,435
"436",0.00114067873863435,9.58220169877677e-11,446,"equal",3,12,1,TRUE,"off",40,436
"437",0.00141560111432284,2.66453525910038e-15,447,"equal",3,12,1,TRUE,"off",37,437
"438",0.000296929967129212,0.0390116658584743,448,"equal",3,12,1,TRUE,"off",39,438
"439",0.00117932628952166,2.46604958675789e-11,449,"equal",3,12,1,TRUE,"off",36,439
"440",0.00163408512268949,0,450,"equal",3,12,1,TRUE,"off",39,440
"441",0.00467203446299663,0,451,"equal",4,1,1,TRUE,"off",36,441
"442",0.00439532954949617,0,452,"equal",4,1,1,TRUE,"off",38,442
"443",0.00450136798505916,0,453,"equal",4,1,1,TRUE,"off",36,443
"444",0.00495305759903008,0,454,"equal",4,1,1,TRUE,"off",37,444
"445",0.00376872258564709,0,455,"equal",4,1,1,TRUE,"off",33,445
"446",0.00420614745439353,0,456,"equal",4,1,1,TRUE,"off",28,446
"447",0.0048585921524092,0,457,"equal",4,1,1,TRUE,"off",37,447
"448",0.003646690458713,0,458,"equal",4,1,1,TRUE,"off",43,448
"449",0.00449361390130683,0,459,"equal",4,1,1,TRUE,"off",37,449
"450",0.00404385021235907,0,460,"equal",4,1,1,TRUE,"off",37,450
"451",0.00257154254750097,0,461,"equal",4,3,1,TRUE,"off",43,451
"452",0.00190015368985186,0,462,"equal",4,3,1,TRUE,"off",38,452
"453",0.00279140152757036,0,463,"equal",4,3,1,TRUE,"off",51,453
"454",0.00284978500379438,0,464,"equal",4,3,1,TRUE,"off",33,454
"455",0.00319294412106609,0,465,"equal",4,3,1,TRUE,"off",46,455
"456",0.00243358005983041,0,466,"equal",4,3,1,TRUE,"off",45,456
"457",0.00243263036544459,0,467,"equal",4,3,1,TRUE,"off",41,457
"458",0.00204015626671927,0,468,"equal",4,3,1,TRUE,"off",35,458
"459",0.00227462304355034,0,469,"equal",4,3,1,TRUE,"off",36,459
"460",0.00235581041766887,0,470,"equal",4,3,1,TRUE,"off",37,460
"461",0.00137521655351497,1.37667655053519e-14,471,"equal",4,6,1,TRUE,"off",36,461
"462",0.000847524553944217,7.75393318219741e-07,472,"equal",4,6,1,TRUE,"off",42,462
"463",0.00127147407993125,8.24673662691566e-13,473,"equal",4,6,1,TRUE,"off",43,463
"464",0.000509020327017495,0.00151155394048796,474,"equal",4,6,1,TRUE,"off",50,464
"465",0.000473847537548086,0.00280217667047356,475,"equal",4,6,1,TRUE,"off",33,465
"466",0.00115445997218866,5.9301896726538e-11,476,"equal",4,6,1,TRUE,"off",38,466
"467",0.00135504043179444,3.10862446895044e-14,477,"equal",4,6,1,TRUE,"off",41,467
"468",0.00143657922238497,1.11022302462516e-15,478,"equal",4,6,1,TRUE,"off",41,468
"469",0.000924398488875847,9.13185336237632e-08,479,"equal",4,6,1,TRUE,"off",33,469
"470",0.00117958565153423,2.44229081403091e-11,480,"equal",4,6,1,TRUE,"off",37,470
"471",0.000598740305006606,0.000271246106196443,481,"equal",4,9,1,TRUE,"off",57,471
"472",0.000777594551638197,4.73941042899995e-06,482,"equal",4,9,1,TRUE,"off",45,472
"473",-0.000290811323754856,0.313736742363268,483,"equal",4,9,1,TRUE,"off",41,473
"474",0.000826039419722083,1.3710324131555e-06,484,"equal",4,9,1,TRUE,"off",41,474
"475",0.000671061911588556,5.83802222624552e-05,485,"equal",4,9,1,TRUE,"off",36,475
"476",0.000378620123550781,0.0127389374193054,486,"equal",4,9,1,TRUE,"off",43,476
"477",0.000276200944480001,0.0504940981623927,487,"equal",4,9,1,TRUE,"off",35,477
"478",0.000965513165694174,2.72810753987329e-08,488,"equal",4,9,1,TRUE,"off",44,478
"479",0.000851471956629293,6.97429353824219e-07,489,"equal",4,9,1,TRUE,"off",39,479
"480",0.000987832884935529,1.38941096405887e-08,490,"equal",4,9,1,TRUE,"off",37,480
"481",-0.000394514826700152,0.121295378973962,491,"equal",4,12,1,TRUE,"off",49,481
"482",6.66252433327871e-06,0.584266504742767,492,"equal",4,12,1,TRUE,"off",43,482
"483",0.000370254796820538,0.0143942646785764,493,"equal",4,12,1,TRUE,"off",34,483
"484",2.93309146408659e-05,0.505649653684973,494,"equal",4,12,1,TRUE,"off",34,484
"485",-0.000198650870036133,0.599035125429475,495,"equal",4,12,1,TRUE,"off",37,485
"486",6.06923089556357e-05,0.406811560201615,496,"equal",4,12,1,TRUE,"off",51,486
"487",-0.000286724012406893,0.324108311153076,497,"equal",4,12,1,TRUE,"off",38,487
"488",-0.000183263642656921,0.656048107787114,498,"equal",4,12,1,TRUE,"off",40,488
"489",0.000788345275856644,3.61850225005789e-06,499,"equal",4,12,1,TRUE,"off",45,489
"490",0.00125980119739476,1.28430599488638e-12,500,"equal",4,12,1,TRUE,"off",34,490
