"","Moran.dist.class","Moran.local","p.value","Rownumber","run","Comparison.type","Yard.diff","Neighbor.dist","Num.nursery","Mimicry","Constraints","step","Run"
"1",2.03250997233316,0.950841508843791,0,1,2,"equal",0,3,1,TRUE,"off",99,1
"2",4.09753041699947,0.897987022041034,0,2,2,"equal",0,3,1,TRUE,"off",99,1
"3",6.16255036166579,0.847082569972753,0,3,2,"equal",0,3,1,TRUE,"off",99,1
"4",8.22757030633211,0.794976833743043,0,4,2,"equal",0,3,1,TRUE,"off",99,1
"5",10.2925902509984,0.739172702511343,0,5,2,"equal",0,3,1,TRUE,"off",99,1
"6",12.3576101956647,0.68566059194914,0,6,2,"equal",0,3,1,TRUE,"off",99,1
"7",14.4226301403311,0.628253342039566,0,7,2,"equal",0,3,1,TRUE,"off",99,1
"8",16.4876500849974,0.567471633952649,0,8,2,"equal",0,3,1,TRUE,"off",99,1
"9",18.5526700296637,0.509925737827705,0,9,2,"equal",0,3,1,TRUE,"off",99,1
"10",20.61768997433,0.454465182978392,0,10,2,"equal",0,3,1,TRUE,"off",99,1
"11",22.6827099189963,0.402780000723027,0,11,2,"equal",0,3,1,TRUE,"off",99,1
"12",24.7477298636626,0.355402913451431,0,12,2,"equal",0,3,1,TRUE,"off",99,1
"13",26.812749808329,0.308543518933885,0,13,2,"equal",0,3,1,TRUE,"off",99,1
"14",28.8777697529953,0.26518968124514,0,14,2,"equal",0,3,1,TRUE,"off",99,1
"15",30.9427896976616,0.223422551774219,0,15,2,"equal",0,3,1,TRUE,"off",99,1
"16",2.03250997233316,0.927592027477874,0,1,3,"equal",0,3,1,TRUE,"off",99,2
"17",4.09753041699947,0.847791737186748,0,2,3,"equal",0,3,1,TRUE,"off",99,2
"18",6.16255036166579,0.765533861184899,0,3,3,"equal",0,3,1,TRUE,"off",99,2
"19",8.22757030633211,0.679091313152121,0,4,3,"equal",0,3,1,TRUE,"off",99,2
"20",10.2925902509984,0.588921990614014,0,5,3,"equal",0,3,1,TRUE,"off",99,2
"21",12.3576101956647,0.50264047690039,0,6,3,"equal",0,3,1,TRUE,"off",99,2
"22",14.4226301403311,0.420221611033382,0,7,3,"equal",0,3,1,TRUE,"off",99,2
"23",16.4876500849974,0.344787656977035,0,8,3,"equal",0,3,1,TRUE,"off",99,2
"24",18.5526700296637,0.282810534170317,0,9,3,"equal",0,3,1,TRUE,"off",99,2
"25",20.61768997433,0.227585406293781,0,10,3,"equal",0,3,1,TRUE,"off",99,2
"26",22.6827099189963,0.172935804366033,0,11,3,"equal",0,3,1,TRUE,"off",99,2
"27",24.7477298636626,0.123885824146729,0,12,3,"equal",0,3,1,TRUE,"off",99,2
"28",26.812749808329,0.0784401545652386,0,13,3,"equal",0,3,1,TRUE,"off",99,2
"29",28.8777697529953,0.03459115509196,0,14,3,"equal",0,3,1,TRUE,"off",99,2
"30",30.9427896976616,-0.00510312367356918,0.999999991537789,15,3,"equal",0,3,1,TRUE,"off",99,2
"31",2.03250997233316,0.915975923427784,0,1,4,"equal",0,3,1,TRUE,"off",99,3
"32",4.09753041699947,0.825348255792958,0,2,4,"equal",0,3,1,TRUE,"off",99,3
"33",6.16255036166579,0.741290422600435,0,3,4,"equal",0,3,1,TRUE,"off",99,3
"34",8.22757030633211,0.65738079113621,0,4,4,"equal",0,3,1,TRUE,"off",99,3
"35",10.2925902509984,0.570484685373497,0,5,4,"equal",0,3,1,TRUE,"off",99,3
"36",12.3576101956647,0.492127510507911,0,6,4,"equal",0,3,1,TRUE,"off",99,3
"37",14.4226301403311,0.420442555089449,0,7,4,"equal",0,3,1,TRUE,"off",99,3
"38",16.4876500849974,0.35622860366177,0,8,4,"equal",0,3,1,TRUE,"off",99,3
"39",18.5526700296637,0.303181733546902,0,9,4,"equal",0,3,1,TRUE,"off",99,3
"40",20.61768997433,0.255531001919838,0,10,4,"equal",0,3,1,TRUE,"off",99,3
"41",22.6827099189963,0.211201346844001,0,11,4,"equal",0,3,1,TRUE,"off",99,3
"42",24.7477298636626,0.170999534962487,0,12,4,"equal",0,3,1,TRUE,"off",99,3
"43",26.812749808329,0.134733982038009,0,13,4,"equal",0,3,1,TRUE,"off",99,3
"44",28.8777697529953,0.0985668715166998,0,14,4,"equal",0,3,1,TRUE,"off",99,3
"45",30.9427896976616,0.0643615535799009,0,15,4,"equal",0,3,1,TRUE,"off",99,3
"46",2.03250997233316,0.948152235557492,0,1,5,"equal",0,3,1,TRUE,"off",99,4
"47",4.09753041699947,0.887253656036453,0,2,5,"equal",0,3,1,TRUE,"off",99,4
"48",6.16255036166579,0.819260043092309,0,3,5,"equal",0,3,1,TRUE,"off",99,4
"49",8.22757030633211,0.743470052249602,0,4,5,"equal",0,3,1,TRUE,"off",99,4
"50",10.2925902509984,0.662852186592272,0,5,5,"equal",0,3,1,TRUE,"off",99,4
"51",12.3576101956647,0.587548517454835,0,6,5,"equal",0,3,1,TRUE,"off",99,4
"52",14.4226301403311,0.513757466745707,0,7,5,"equal",0,3,1,TRUE,"off",99,4
"53",16.4876500849974,0.442776569962477,0,8,5,"equal",0,3,1,TRUE,"off",99,4
"54",18.5526700296637,0.37935581742214,0,9,5,"equal",0,3,1,TRUE,"off",99,4
"55",20.61768997433,0.325437795316035,0,10,5,"equal",0,3,1,TRUE,"off",99,4
"56",22.6827099189963,0.284124648891722,0,11,5,"equal",0,3,1,TRUE,"off",99,4
"57",24.7477298636626,0.2550293537547,0,12,5,"equal",0,3,1,TRUE,"off",99,4
"58",26.812749808329,0.232306645685543,0,13,5,"equal",0,3,1,TRUE,"off",99,4
"59",28.8777697529953,0.213096508485217,0,14,5,"equal",0,3,1,TRUE,"off",99,4
"60",30.9427896976616,0.193005213541017,0,15,5,"equal",0,3,1,TRUE,"off",99,4
"61",2.03250997233316,0.917791778253241,0,1,6,"equal",0,3,1,TRUE,"off",87,5
"62",4.09753041699947,0.828480277198136,0,2,6,"equal",0,3,1,TRUE,"off",87,5
"63",6.16255036166579,0.745027180311447,0,3,6,"equal",0,3,1,TRUE,"off",87,5
"64",8.22757030633211,0.657930121049409,0,4,6,"equal",0,3,1,TRUE,"off",87,5
"65",10.2925902509984,0.566146977517315,0,5,6,"equal",0,3,1,TRUE,"off",87,5
"66",12.3576101956647,0.487032810633825,0,6,6,"equal",0,3,1,TRUE,"off",87,5
"67",14.4226301403311,0.413672630806694,0,7,6,"equal",0,3,1,TRUE,"off",87,5
"68",16.4876500849974,0.35223248033622,0,8,6,"equal",0,3,1,TRUE,"off",87,5
"69",18.5526700296637,0.300278293452608,0,9,6,"equal",0,3,1,TRUE,"off",87,5
"70",20.61768997433,0.253603516858085,0,10,6,"equal",0,3,1,TRUE,"off",87,5
"71",22.6827099189963,0.21152550701063,0,11,6,"equal",0,3,1,TRUE,"off",87,5
"72",24.7477298636626,0.174833977585163,0,12,6,"equal",0,3,1,TRUE,"off",87,5
"73",26.812749808329,0.137155168408199,0,13,6,"equal",0,3,1,TRUE,"off",87,5
"74",28.8777697529953,0.108137088854157,0,14,6,"equal",0,3,1,TRUE,"off",87,5
"75",30.9427896976616,0.0786813444045555,0,15,6,"equal",0,3,1,TRUE,"off",87,5
"76",2.03250997233316,0.892608523867331,0,1,7,"equal",0,3,1,TRUE,"off",99,6
"77",4.09753041699947,0.777353464363274,0,2,7,"equal",0,3,1,TRUE,"off",99,6
"78",6.16255036166579,0.67045296648447,0,3,7,"equal",0,3,1,TRUE,"off",99,6
"79",8.22757030633211,0.556874065819237,0,4,7,"equal",0,3,1,TRUE,"off",99,6
"80",10.2925902509984,0.432071931993834,0,5,7,"equal",0,3,1,TRUE,"off",99,6
"81",12.3576101956647,0.314952635764913,0,6,7,"equal",0,3,1,TRUE,"off",99,6
"82",14.4226301403311,0.212286456789238,0,7,7,"equal",0,3,1,TRUE,"off",99,6
"83",16.4876500849974,0.12720190675164,0,8,7,"equal",0,3,1,TRUE,"off",99,6
"84",18.5526700296637,0.0603503761340553,0,9,7,"equal",0,3,1,TRUE,"off",99,6
"85",20.61768997433,0.00724537753608038,5.30527502877088e-14,10,7,"equal",0,3,1,TRUE,"off",99,6
"86",22.6827099189963,-0.0315383051634545,1,11,7,"equal",0,3,1,TRUE,"off",99,6
"87",24.7477298636626,-0.0573478879652619,1,12,7,"equal",0,3,1,TRUE,"off",99,6
"88",26.812749808329,-0.0779467848903941,1,13,7,"equal",0,3,1,TRUE,"off",99,6
"89",28.8777697529953,-0.0913338333594195,1,14,7,"equal",0,3,1,TRUE,"off",99,6
"90",30.9427896976616,-0.0988939598035814,1,15,7,"equal",0,3,1,TRUE,"off",99,6
"91",2.03250997233316,0.925696469145357,0,1,8,"equal",0,3,1,TRUE,"off",99,7
"92",4.09753041699947,0.840624897327177,0,2,8,"equal",0,3,1,TRUE,"off",99,7
"93",6.16255036166579,0.757396674906237,0,3,8,"equal",0,3,1,TRUE,"off",99,7
"94",8.22757030633211,0.671367056933384,0,4,8,"equal",0,3,1,TRUE,"off",99,7
"95",10.2925902509984,0.582733247895359,0,5,8,"equal",0,3,1,TRUE,"off",99,7
"96",12.3576101956647,0.502264949127143,0,6,8,"equal",0,3,1,TRUE,"off",99,7
"97",14.4226301403311,0.424757072779851,0,7,8,"equal",0,3,1,TRUE,"off",99,7
"98",16.4876500849974,0.358196826241796,0,8,8,"equal",0,3,1,TRUE,"off",99,7
"99",18.5526700296637,0.306828791500333,0,9,8,"equal",0,3,1,TRUE,"off",99,7
"100",20.61768997433,0.265932177457422,0,10,8,"equal",0,3,1,TRUE,"off",99,7
"101",22.6827099189963,0.233300935628694,0,11,8,"equal",0,3,1,TRUE,"off",99,7
"102",24.7477298636626,0.208677205947713,0,12,8,"equal",0,3,1,TRUE,"off",99,7
"103",26.812749808329,0.184076245024061,0,13,8,"equal",0,3,1,TRUE,"off",99,7
"104",28.8777697529953,0.162655273283919,0,14,8,"equal",0,3,1,TRUE,"off",99,7
"105",30.9427896976616,0.139088903955766,0,15,8,"equal",0,3,1,TRUE,"off",99,7
"106",2.03250997233316,0.925830252196216,0,1,9,"equal",0,3,1,TRUE,"off",99,8
"107",4.09753041699947,0.842770138398793,0,2,9,"equal",0,3,1,TRUE,"off",99,8
"108",6.16255036166579,0.76173571889265,0,3,9,"equal",0,3,1,TRUE,"off",99,8
"109",8.22757030633211,0.684409388002795,0,4,9,"equal",0,3,1,TRUE,"off",99,8
"110",10.2925902509984,0.614329913960406,0,5,9,"equal",0,3,1,TRUE,"off",99,8
"111",12.3576101956647,0.553612121418544,0,6,9,"equal",0,3,1,TRUE,"off",99,8
"112",14.4226301403311,0.494372566409786,0,7,9,"equal",0,3,1,TRUE,"off",99,8
"113",16.4876500849974,0.436204599832605,0,8,9,"equal",0,3,1,TRUE,"off",99,8
"114",18.5526700296637,0.379911231808762,0,9,9,"equal",0,3,1,TRUE,"off",99,8
"115",20.61768997433,0.318518906834951,0,10,9,"equal",0,3,1,TRUE,"off",99,8
"116",22.6827099189963,0.252722087844809,0,11,9,"equal",0,3,1,TRUE,"off",99,8
"117",24.7477298636626,0.18683270936804,0,12,9,"equal",0,3,1,TRUE,"off",99,8
"118",26.812749808329,0.130973995915082,0,13,9,"equal",0,3,1,TRUE,"off",99,8
"119",28.8777697529953,0.0830747529221735,0,14,9,"equal",0,3,1,TRUE,"off",99,8
"120",30.9427896976616,0.0409200857101549,0,15,9,"equal",0,3,1,TRUE,"off",99,8
"121",2.03250997233316,0.905691982435638,0,1,10,"equal",0,3,1,TRUE,"off",99,9
"122",4.09753041699947,0.801763675326365,0,2,10,"equal",0,3,1,TRUE,"off",99,9
"123",6.16255036166579,0.695078823511811,0,3,10,"equal",0,3,1,TRUE,"off",99,9
"124",8.22757030633211,0.581690997952522,0,4,10,"equal",0,3,1,TRUE,"off",99,9
"125",10.2925902509984,0.465258181206015,0,5,10,"equal",0,3,1,TRUE,"off",99,9
"126",12.3576101956647,0.363258903856187,0,6,10,"equal",0,3,1,TRUE,"off",99,9
"127",14.4226301403311,0.269338347141881,0,7,10,"equal",0,3,1,TRUE,"off",99,9
"128",16.4876500849974,0.187672660126162,0,8,10,"equal",0,3,1,TRUE,"off",99,9
"129",18.5526700296637,0.126915807330845,0,9,10,"equal",0,3,1,TRUE,"off",99,9
"130",20.61768997433,0.0817417096627554,0,10,10,"equal",0,3,1,TRUE,"off",99,9
"131",22.6827099189963,0.0450084609680817,0,11,10,"equal",0,3,1,TRUE,"off",99,9
"132",24.7477298636626,0.0185436467527967,1.43965960799019e-85,12,10,"equal",0,3,1,TRUE,"off",99,9
"133",26.812749808329,0.00452147846402808,3.27169674951114e-07,13,10,"equal",0,3,1,TRUE,"off",99,9
"134",28.8777697529953,-0.00976289897214168,1,14,10,"equal",0,3,1,TRUE,"off",99,9
"135",30.9427896976616,-0.0244538198342721,1,15,10,"equal",0,3,1,TRUE,"off",99,9
"136",2.03250997233316,0.916399788326078,0,1,12,"equal",0,3,4,TRUE,"off",99,10
"137",4.09753041699947,0.826519892744889,0,2,12,"equal",0,3,4,TRUE,"off",99,10
"138",6.16255036166579,0.738341836835098,0,3,12,"equal",0,3,4,TRUE,"off",99,10
"139",8.22757030633211,0.633770563229402,0,4,12,"equal",0,3,4,TRUE,"off",99,10
"140",10.2925902509984,0.510259807684166,0,5,12,"equal",0,3,4,TRUE,"off",99,10
"141",12.3576101956647,0.38494204271848,0,6,12,"equal",0,3,4,TRUE,"off",99,10
"142",14.4226301403311,0.26589073876315,0,7,12,"equal",0,3,4,TRUE,"off",99,10
"143",16.4876500849974,0.153819304265565,0,8,12,"equal",0,3,4,TRUE,"off",99,10
"144",18.5526700296637,0.0615921973206424,0,9,12,"equal",0,3,4,TRUE,"off",99,10
"145",20.61768997433,0.00106931475147752,0.118636329828332,10,12,"equal",0,3,4,TRUE,"off",99,10
"146",22.6827099189963,-0.04045930270859,1,11,12,"equal",0,3,4,TRUE,"off",99,10
"147",24.7477298636626,-0.0672734422036554,1,12,12,"equal",0,3,4,TRUE,"off",99,10
"148",26.812749808329,-0.0822681898805567,1,13,12,"equal",0,3,4,TRUE,"off",99,10
"149",28.8777697529953,-0.0831965483022598,1,14,12,"equal",0,3,4,TRUE,"off",99,10
"150",30.9427896976616,-0.0744211670669243,1,15,12,"equal",0,3,4,TRUE,"off",99,10
"151",2.03250997233316,0.924389490635062,0,1,13,"equal",0,3,4,TRUE,"off",99,11
"152",4.09753041699947,0.843563319077923,0,2,13,"equal",0,3,4,TRUE,"off",99,11
"153",6.16255036166579,0.764221132422073,0,3,13,"equal",0,3,4,TRUE,"off",99,11
"154",8.22757030633211,0.679424813565357,0,4,13,"equal",0,3,4,TRUE,"off",99,11
"155",10.2925902509984,0.58877027168594,0,5,13,"equal",0,3,4,TRUE,"off",99,11
"156",12.3576101956647,0.503205765462654,0,6,13,"equal",0,3,4,TRUE,"off",99,11
"157",14.4226301403311,0.418434154216311,0,7,13,"equal",0,3,4,TRUE,"off",99,11
"158",16.4876500849974,0.332496376140894,0,8,13,"equal",0,3,4,TRUE,"off",99,11
"159",18.5526700296637,0.253518644901836,0,9,13,"equal",0,3,4,TRUE,"off",99,11
"160",20.61768997433,0.181450831275599,0,10,13,"equal",0,3,4,TRUE,"off",99,11
"161",22.6827099189963,0.114040714399773,0,11,13,"equal",0,3,4,TRUE,"off",99,11
"162",24.7477298636626,0.0522751835483651,0,12,13,"equal",0,3,4,TRUE,"off",99,11
"163",26.812749808329,-6.51458768891322e-05,0.485872638162617,13,13,"equal",0,3,4,TRUE,"off",99,11
"164",28.8777697529953,-0.0499195003968971,1,14,13,"equal",0,3,4,TRUE,"off",99,11
"165",30.9427896976616,-0.0836723815407917,1,15,13,"equal",0,3,4,TRUE,"off",99,11
"166",2.03250997233316,0.897328858308206,0,1,14,"equal",0,3,4,TRUE,"off",99,12
"167",4.09753041699947,0.787129999477676,0,2,14,"equal",0,3,4,TRUE,"off",99,12
"168",6.16255036166579,0.678555533274146,0,3,14,"equal",0,3,4,TRUE,"off",99,12
"169",8.22757030633211,0.567516386288827,0,4,14,"equal",0,3,4,TRUE,"off",99,12
"170",10.2925902509984,0.453624871859989,0,5,14,"equal",0,3,4,TRUE,"off",99,12
"171",12.3576101956647,0.347175121467519,0,6,14,"equal",0,3,4,TRUE,"off",99,12
"172",14.4226301403311,0.243424457002073,0,7,14,"equal",0,3,4,TRUE,"off",99,12
"173",16.4876500849974,0.147893068400141,0,8,14,"equal",0,3,4,TRUE,"off",99,12
"174",18.5526700296637,0.0752167752892065,0,9,14,"equal",0,3,4,TRUE,"off",99,12
"175",20.61768997433,0.0221276996809947,2.02266596357828e-112,10,14,"equal",0,3,4,TRUE,"off",99,12
"176",22.6827099189963,-0.00967341760235427,1,11,14,"equal",0,3,4,TRUE,"off",99,12
"177",24.7477298636626,-0.0220161953636043,1,12,14,"equal",0,3,4,TRUE,"off",99,12
"178",26.812749808329,-0.0256142621543903,1,13,14,"equal",0,3,4,TRUE,"off",99,12
"179",28.8777697529953,-0.0151215800635343,1,14,14,"equal",0,3,4,TRUE,"off",99,12
"180",30.9427896976616,-0.00958108297097546,1,15,14,"equal",0,3,4,TRUE,"off",99,12
"181",2.03250997233316,0.892599178817662,0,1,15,"equal",0,3,4,TRUE,"off",99,13
"182",4.09753041699947,0.774850083717444,0,2,15,"equal",0,3,4,TRUE,"off",99,13
"183",6.16255036166579,0.658934927463537,0,3,15,"equal",0,3,4,TRUE,"off",99,13
"184",8.22757030633211,0.539194812964027,0,4,15,"equal",0,3,4,TRUE,"off",99,13
"185",10.2925902509984,0.426203025225529,0,5,15,"equal",0,3,4,TRUE,"off",99,13
"186",12.3576101956647,0.341167977365101,0,6,15,"equal",0,3,4,TRUE,"off",99,13
"187",14.4226301403311,0.266941460932001,0,7,15,"equal",0,3,4,TRUE,"off",99,13
"188",16.4876500849974,0.209986740538485,0,8,15,"equal",0,3,4,TRUE,"off",99,13
"189",18.5526700296637,0.168682481791336,0,9,15,"equal",0,3,4,TRUE,"off",99,13
"190",20.61768997433,0.139895310087157,0,10,15,"equal",0,3,4,TRUE,"off",99,13
"191",22.6827099189963,0.117646500311862,0,11,15,"equal",0,3,4,TRUE,"off",99,13
"192",24.7477298636626,0.0943458217179142,0,12,15,"equal",0,3,4,TRUE,"off",99,13
"193",26.812749808329,0.0649971966835688,0,13,15,"equal",0,3,4,TRUE,"off",99,13
"194",28.8777697529953,0.032847066245128,6.29893753945341e-284,14,15,"equal",0,3,4,TRUE,"off",99,13
"195",30.9427896976616,0.00119030633308817,0.0732786245472123,15,15,"equal",0,3,4,TRUE,"off",99,13
"196",2.03250997233316,0.919753339682974,0,1,16,"equal",0,3,4,TRUE,"off",99,14
"197",4.09753041699947,0.831592447255077,0,2,16,"equal",0,3,4,TRUE,"off",99,14
"198",6.16255036166579,0.745133597571844,0,3,16,"equal",0,3,4,TRUE,"off",99,14
"199",8.22757030633211,0.656365261672801,0,4,16,"equal",0,3,4,TRUE,"off",99,14
"200",10.2925902509984,0.564652550569335,0,5,16,"equal",0,3,4,TRUE,"off",99,14
"201",12.3576101956647,0.478790115031823,0,6,16,"equal",0,3,4,TRUE,"off",99,14
"202",14.4226301403311,0.395670961286694,0,7,16,"equal",0,3,4,TRUE,"off",99,14
"203",16.4876500849974,0.312654280231674,0,8,16,"equal",0,3,4,TRUE,"off",99,14
"204",18.5526700296637,0.238735860137048,0,9,16,"equal",0,3,4,TRUE,"off",99,14
"205",20.61768997433,0.171256096201454,0,10,16,"equal",0,3,4,TRUE,"off",99,14
"206",22.6827099189963,0.112824839196793,0,11,16,"equal",0,3,4,TRUE,"off",99,14
"207",24.7477298636626,0.06197215666773,0,12,16,"equal",0,3,4,TRUE,"off",99,14
"208",26.812749808329,0.0188507496710677,7.62398078475925e-93,13,16,"equal",0,3,4,TRUE,"off",99,14
"209",28.8777697529953,-0.0154719357727216,1,14,16,"equal",0,3,4,TRUE,"off",99,14
"210",30.9427896976616,-0.0455827040006719,1,15,16,"equal",0,3,4,TRUE,"off",99,14
"211",2.03250997233316,0.907705478408829,0,1,17,"equal",0,3,4,TRUE,"off",99,15
"212",4.09753041699947,0.802688982430556,0,2,17,"equal",0,3,4,TRUE,"off",99,15
"213",6.16255036166579,0.688899022274952,0,3,17,"equal",0,3,4,TRUE,"off",99,15
"214",8.22757030633211,0.555925913400084,0,4,17,"equal",0,3,4,TRUE,"off",99,15
"215",10.2925902509984,0.405928411067759,0,5,17,"equal",0,3,4,TRUE,"off",99,15
"216",12.3576101956647,0.265099117912533,0,6,17,"equal",0,3,4,TRUE,"off",99,15
"217",14.4226301403311,0.138488710673475,0,7,17,"equal",0,3,4,TRUE,"off",99,15
"218",16.4876500849974,0.0332435740627202,1.76004708798932e-213,8,17,"equal",0,3,4,TRUE,"off",99,15
"219",18.5526700296637,-0.0399118672514516,1,9,17,"equal",0,3,4,TRUE,"off",99,15
"220",20.61768997433,-0.0903911505243177,1,10,17,"equal",0,3,4,TRUE,"off",99,15
"221",22.6827099189963,-0.116607667071027,1,11,17,"equal",0,3,4,TRUE,"off",99,15
"222",24.7477298636626,-0.128142819623749,1,12,17,"equal",0,3,4,TRUE,"off",99,15
"223",26.812749808329,-0.122065310508753,1,13,17,"equal",0,3,4,TRUE,"off",99,15
"224",28.8777697529953,-0.121205308469178,1,14,17,"equal",0,3,4,TRUE,"off",99,15
"225",30.9427896976616,-0.113911078321477,1,15,17,"equal",0,3,4,TRUE,"off",99,15
"226",2.03250997233316,0.932377469092014,0,1,18,"equal",0,3,4,TRUE,"off",99,16
"227",4.09753041699947,0.856771759265316,0,2,18,"equal",0,3,4,TRUE,"off",99,16
"228",6.16255036166579,0.777113318569787,0,3,18,"equal",0,3,4,TRUE,"off",99,16
"229",8.22757030633211,0.685420445743233,0,4,18,"equal",0,3,4,TRUE,"off",99,16
"230",10.2925902509984,0.585400004725737,0,5,18,"equal",0,3,4,TRUE,"off",99,16
"231",12.3576101956647,0.489050423469949,0,6,18,"equal",0,3,4,TRUE,"off",99,16
"232",14.4226301403311,0.393349431981205,0,7,18,"equal",0,3,4,TRUE,"off",99,16
"233",16.4876500849974,0.291027161564268,0,8,18,"equal",0,3,4,TRUE,"off",99,16
"234",18.5526700296637,0.189203304489261,0,9,18,"equal",0,3,4,TRUE,"off",99,16
"235",20.61768997433,0.0896780971818337,0,10,18,"equal",0,3,4,TRUE,"off",99,16
"236",22.6827099189963,-0.00554676460314444,0.999999976959946,11,18,"equal",0,3,4,TRUE,"off",99,16
"237",24.7477298636626,-0.0858415295115143,1,12,18,"equal",0,3,4,TRUE,"off",99,16
"238",26.812749808329,-0.146576163995574,1,13,18,"equal",0,3,4,TRUE,"off",99,16
"239",28.8777697529953,-0.196118245607998,1,14,18,"equal",0,3,4,TRUE,"off",99,16
"240",30.9427896976616,-0.226625783261662,1,15,18,"equal",0,3,4,TRUE,"off",99,16
"241",2.03250997233316,0.882892117562126,0,1,19,"equal",0,3,4,TRUE,"off",99,17
"242",4.09753041699947,0.759436345018187,0,2,19,"equal",0,3,4,TRUE,"off",99,17
"243",6.16255036166579,0.644615200971686,0,3,19,"equal",0,3,4,TRUE,"off",99,17
"244",8.22757030633211,0.527698043843161,0,4,19,"equal",0,3,4,TRUE,"off",99,17
"245",10.2925902509984,0.406039618480549,0,5,19,"equal",0,3,4,TRUE,"off",99,17
"246",12.3576101956647,0.299241317337656,0,6,19,"equal",0,3,4,TRUE,"off",99,17
"247",14.4226301403311,0.2146402764988,0,7,19,"equal",0,3,4,TRUE,"off",99,17
"248",16.4876500849974,0.157031004643331,0,8,19,"equal",0,3,4,TRUE,"off",99,17
"249",18.5526700296637,0.116770345394655,0,9,19,"equal",0,3,4,TRUE,"off",99,17
"250",20.61768997433,0.0905449057612705,0,10,19,"equal",0,3,4,TRUE,"off",99,17
"251",22.6827099189963,0.0736219503090358,0,11,19,"equal",0,3,4,TRUE,"off",99,17
"252",24.7477298636626,0.0659704176452641,0,12,19,"equal",0,3,4,TRUE,"off",99,17
"253",26.812749808329,0.0593517696674142,0,13,19,"equal",0,3,4,TRUE,"off",99,17
"254",28.8777697529953,0.05992743210723,0,14,19,"equal",0,3,4,TRUE,"off",99,17
"255",30.9427896976616,0.0609121903663388,0,15,19,"equal",0,3,4,TRUE,"off",99,17
"256",2.03250997233316,0.880223834788789,0,1,20,"equal",0,3,4,TRUE,"off",99,18
"257",4.09753041699947,0.75512919862407,0,2,20,"equal",0,3,4,TRUE,"off",99,18
"258",6.16255036166579,0.642565065547804,0,3,20,"equal",0,3,4,TRUE,"off",99,18
"259",8.22757030633211,0.529150378295786,0,4,20,"equal",0,3,4,TRUE,"off",99,18
"260",10.2925902509984,0.411971658661741,0,5,20,"equal",0,3,4,TRUE,"off",99,18
"261",12.3576101956647,0.30540982680187,0,6,20,"equal",0,3,4,TRUE,"off",99,18
"262",14.4226301403311,0.209311060941941,0,7,20,"equal",0,3,4,TRUE,"off",99,18
"263",16.4876500849974,0.133942747957669,0,8,20,"equal",0,3,4,TRUE,"off",99,18
"264",18.5526700296637,0.0874440551038669,0,9,20,"equal",0,3,4,TRUE,"off",99,18
"265",20.61768997433,0.0587061846124349,0,10,20,"equal",0,3,4,TRUE,"off",99,18
"266",22.6827099189963,0.0417967077785457,0,11,20,"equal",0,3,4,TRUE,"off",99,18
"267",24.7477298636626,0.0349801455377912,4.21927658296614e-297,12,20,"equal",0,3,4,TRUE,"off",99,18
"268",26.812749808329,0.0307488782223192,3.11920635299117e-242,13,20,"equal",0,3,4,TRUE,"off",99,18
"269",28.8777697529953,0.028610780436424,3.80603617365422e-216,14,20,"equal",0,3,4,TRUE,"off",99,18
"270",30.9427896976616,0.0235629293420785,6.82037469602975e-157,15,20,"equal",0,3,4,TRUE,"off",99,18
"271",2.03250997233316,0.915196982678363,0,1,21,"equal",0,3,9,TRUE,"off",99,19
"272",4.09753041699947,0.824745831518429,0,2,21,"equal",0,3,9,TRUE,"off",99,19
"273",6.16255036166579,0.739977751016339,0,3,21,"equal",0,3,9,TRUE,"off",99,19
"274",8.22757030633211,0.649489349949202,0,4,21,"equal",0,3,9,TRUE,"off",99,19
"275",10.2925902509984,0.552921548206171,0,5,21,"equal",0,3,9,TRUE,"off",99,19
"276",12.3576101956647,0.46678148862938,0,6,21,"equal",0,3,9,TRUE,"off",99,19
"277",14.4226301403311,0.391421226552592,0,7,21,"equal",0,3,9,TRUE,"off",99,19
"278",16.4876500849974,0.327719379627145,0,8,21,"equal",0,3,9,TRUE,"off",99,19
"279",18.5526700296637,0.271640737518927,0,9,21,"equal",0,3,9,TRUE,"off",99,19
"280",20.61768997433,0.21873676612634,0,10,21,"equal",0,3,9,TRUE,"off",99,19
"281",22.6827099189963,0.167244437244556,0,11,21,"equal",0,3,9,TRUE,"off",99,19
"282",24.7477298636626,0.122872145591236,0,12,21,"equal",0,3,9,TRUE,"off",99,19
"283",26.812749808329,0.0787710361988273,0,13,21,"equal",0,3,9,TRUE,"off",99,19
"284",28.8777697529953,0.0404650754999094,0,14,21,"equal",0,3,9,TRUE,"off",99,19
"285",30.9427896976616,0.00648914639755573,5.74806540449845e-14,15,21,"equal",0,3,9,TRUE,"off",99,19
"286",2.03250997233316,0.817017211492342,0,1,22,"equal",0,3,9,TRUE,"off",99,20
"287",4.09753041699947,0.620591106970908,0,2,22,"equal",0,3,9,TRUE,"off",99,20
"288",6.16255036166579,0.451290693762386,0,3,22,"equal",0,3,9,TRUE,"off",99,20
"289",8.22757030633211,0.286849623847996,0,4,22,"equal",0,3,9,TRUE,"off",99,20
"290",10.2925902509984,0.140674350539871,0,5,22,"equal",0,3,9,TRUE,"off",99,20
"291",12.3576101956647,0.0416245470767569,4.24116306735377e-249,6,22,"equal",0,3,9,TRUE,"off",99,20
"292",14.4226301403311,-0.010860256040722,1,7,22,"equal",0,3,9,TRUE,"off",99,20
"293",16.4876500849974,-0.0194548433607389,1,8,22,"equal",0,3,9,TRUE,"off",99,20
"294",18.5526700296637,-0.00209563206972298,0.968244127222856,9,22,"equal",0,3,9,TRUE,"off",99,20
"295",20.61768997433,0.0254455983624055,4.00018542579368e-148,10,22,"equal",0,3,9,TRUE,"off",99,20
"296",22.6827099189963,0.0561055549398157,0,11,22,"equal",0,3,9,TRUE,"off",99,20
"297",24.7477298636626,0.0758283000797369,0,12,22,"equal",0,3,9,TRUE,"off",99,20
"298",26.812749808329,0.101045802407992,0,13,22,"equal",0,3,9,TRUE,"off",99,20
"299",28.8777697529953,0.0939838103341503,0,14,22,"equal",0,3,9,TRUE,"off",99,20
"300",30.9427896976616,0.0798070805554828,0,15,22,"equal",0,3,9,TRUE,"off",99,20
"301",2.03250997233316,0.869693220295114,0,1,23,"equal",0,3,9,TRUE,"off",99,21
"302",4.09753041699947,0.723061730024968,0,2,23,"equal",0,3,9,TRUE,"off",99,21
"303",6.16255036166579,0.579183898488554,0,3,23,"equal",0,3,9,TRUE,"off",99,21
"304",8.22757030633211,0.441236727805912,0,4,23,"equal",0,3,9,TRUE,"off",99,21
"305",10.2925902509984,0.315678092564573,0,5,23,"equal",0,3,9,TRUE,"off",99,21
"306",12.3576101956647,0.213334897099006,0,6,23,"equal",0,3,9,TRUE,"off",99,21
"307",14.4226301403311,0.123114403913195,0,7,23,"equal",0,3,9,TRUE,"off",99,21
"308",16.4876500849974,0.0580514942126849,0,8,23,"equal",0,3,9,TRUE,"off",99,21
"309",18.5526700296637,0.0198081825562931,1.91449520621174e-76,9,23,"equal",0,3,9,TRUE,"off",99,21
"310",20.61768997433,0.00219911488113984,0.0100230684320293,10,23,"equal",0,3,9,TRUE,"off",99,21
"311",22.6827099189963,-0.00220355961796345,0.982667916013736,11,23,"equal",0,3,9,TRUE,"off",99,21
"312",24.7477298636626,-0.00481025446574018,0.999999622654632,12,23,"equal",0,3,9,TRUE,"off",99,21
"313",26.812749808329,-0.0198897899220462,1,13,23,"equal",0,3,9,TRUE,"off",99,21
"314",28.8777697529953,-0.0393558202715865,1,14,23,"equal",0,3,9,TRUE,"off",99,21
"315",30.9427896976616,-0.0608932779416468,1,15,23,"equal",0,3,9,TRUE,"off",99,21
"316",2.03250997233316,0.923177691028378,0,1,24,"equal",0,3,9,TRUE,"off",88,22
"317",4.09753041699947,0.84361380082468,0,2,24,"equal",0,3,9,TRUE,"off",88,22
"318",6.16255036166579,0.770398144958626,0,3,24,"equal",0,3,9,TRUE,"off",88,22
"319",8.22757030633211,0.698569892655771,0,4,24,"equal",0,3,9,TRUE,"off",88,22
"320",10.2925902509984,0.630266818804437,0,5,24,"equal",0,3,9,TRUE,"off",88,22
"321",12.3576101956647,0.572748974571808,0,6,24,"equal",0,3,9,TRUE,"off",88,22
"322",14.4226301403311,0.526562826590482,0,7,24,"equal",0,3,9,TRUE,"off",88,22
"323",16.4876500849974,0.490173244827485,0,8,24,"equal",0,3,9,TRUE,"off",88,22
"324",18.5526700296637,0.457864264762767,0,9,24,"equal",0,3,9,TRUE,"off",88,22
"325",20.61768997433,0.421121759259013,0,10,24,"equal",0,3,9,TRUE,"off",88,22
"326",22.6827099189963,0.377857528412713,0,11,24,"equal",0,3,9,TRUE,"off",88,22
"327",24.7477298636626,0.329590163143514,0,12,24,"equal",0,3,9,TRUE,"off",88,22
"328",26.812749808329,0.276696139626563,0,13,24,"equal",0,3,9,TRUE,"off",88,22
"329",28.8777697529953,0.223139548971788,0,14,24,"equal",0,3,9,TRUE,"off",88,22
"330",30.9427896976616,0.17343123111805,0,15,24,"equal",0,3,9,TRUE,"off",88,22
"331",2.03250997233316,0.908607430755705,0,1,25,"equal",0,3,9,TRUE,"off",99,23
"332",4.09753041699947,0.803778731294444,0,2,25,"equal",0,3,9,TRUE,"off",99,23
"333",6.16255036166579,0.691093980221569,0,3,25,"equal",0,3,9,TRUE,"off",99,23
"334",8.22757030633211,0.573762867179533,0,4,25,"equal",0,3,9,TRUE,"off",99,23
"335",10.2925902509984,0.454549830561666,0,5,25,"equal",0,3,9,TRUE,"off",99,23
"336",12.3576101956647,0.34793318753426,0,6,25,"equal",0,3,9,TRUE,"off",99,23
"337",14.4226301403311,0.248390022196795,0,7,25,"equal",0,3,9,TRUE,"off",99,23
"338",16.4876500849974,0.160863767649787,0,8,25,"equal",0,3,9,TRUE,"off",99,23
"339",18.5526700296637,0.0927671874073498,0,9,25,"equal",0,3,9,TRUE,"off",99,23
"340",20.61768997433,0.0359109002341343,3.36046041192002e-291,10,25,"equal",0,3,9,TRUE,"off",99,23
"341",22.6827099189963,-0.0127165327710488,1,11,25,"equal",0,3,9,TRUE,"off",99,23
"342",24.7477298636626,-0.0547309116722652,1,12,25,"equal",0,3,9,TRUE,"off",99,23
"343",26.812749808329,-0.0848383720546822,1,13,25,"equal",0,3,9,TRUE,"off",99,23
"344",28.8777697529953,-0.111165292794328,1,14,25,"equal",0,3,9,TRUE,"off",99,23
"345",30.9427896976616,-0.121653759882709,1,15,25,"equal",0,3,9,TRUE,"off",99,23
"346",2.03250997233316,0.942133841548582,0,1,26,"equal",0,3,9,TRUE,"off",99,24
"347",4.09753041699947,0.877051319721716,0,2,26,"equal",0,3,9,TRUE,"off",99,24
"348",6.16255036166579,0.816433522861544,0,3,26,"equal",0,3,9,TRUE,"off",99,24
"349",8.22757030633211,0.754579280420457,0,4,26,"equal",0,3,9,TRUE,"off",99,24
"350",10.2925902509984,0.68742525693223,0,5,26,"equal",0,3,9,TRUE,"off",99,24
"351",12.3576101956647,0.621484101499611,0,6,26,"equal",0,3,9,TRUE,"off",99,24
"352",14.4226301403311,0.55377893693316,0,7,26,"equal",0,3,9,TRUE,"off",99,24
"353",16.4876500849974,0.485296328241009,0,8,26,"equal",0,3,9,TRUE,"off",99,24
"354",18.5526700296637,0.423332385477313,0,9,26,"equal",0,3,9,TRUE,"off",99,24
"355",20.61768997433,0.364217417731612,0,10,26,"equal",0,3,9,TRUE,"off",99,24
"356",22.6827099189963,0.308478071094606,0,11,26,"equal",0,3,9,TRUE,"off",99,24
"357",24.7477298636626,0.255759059664731,0,12,26,"equal",0,3,9,TRUE,"off",99,24
"358",26.812749808329,0.206428086209447,0,13,26,"equal",0,3,9,TRUE,"off",99,24
"359",28.8777697529953,0.156484582367645,0,14,26,"equal",0,3,9,TRUE,"off",99,24
"360",30.9427896976616,0.119667558270963,0,15,26,"equal",0,3,9,TRUE,"off",99,24
"361",2.03250997233316,0.900774262739175,0,1,27,"equal",0,3,9,TRUE,"off",99,25
"362",4.09753041699947,0.793767847676257,0,2,27,"equal",0,3,9,TRUE,"off",99,25
"363",6.16255036166579,0.690930530055467,0,3,27,"equal",0,3,9,TRUE,"off",99,25
"364",8.22757030633211,0.577098470530064,0,4,27,"equal",0,3,9,TRUE,"off",99,25
"365",10.2925902509984,0.450146760730224,0,5,27,"equal",0,3,9,TRUE,"off",99,25
"366",12.3576101956647,0.335758231064562,0,6,27,"equal",0,3,9,TRUE,"off",99,25
"367",14.4226301403311,0.229826950248159,0,7,27,"equal",0,3,9,TRUE,"off",99,25
"368",16.4876500849974,0.132422079936189,0,8,27,"equal",0,3,9,TRUE,"off",99,25
"369",18.5526700296637,0.0519377081120495,0,9,27,"equal",0,3,9,TRUE,"off",99,25
"370",20.61768997433,-0.0140896485533574,1,10,27,"equal",0,3,9,TRUE,"off",99,25
"371",22.6827099189963,-0.0662637948562506,1,11,27,"equal",0,3,9,TRUE,"off",99,25
"372",24.7477298636626,-0.103891665490509,1,12,27,"equal",0,3,9,TRUE,"off",99,25
"373",26.812749808329,-0.121997860916057,1,13,27,"equal",0,3,9,TRUE,"off",99,25
"374",28.8777697529953,-0.13239352500241,1,14,27,"equal",0,3,9,TRUE,"off",99,25
"375",30.9427896976616,-0.127491612680263,1,15,27,"equal",0,3,9,TRUE,"off",99,25
"376",2.03250997233316,0.905158960022775,0,1,28,"equal",0,3,9,TRUE,"off",99,26
"377",4.09753041699947,0.794641636649616,0,2,28,"equal",0,3,9,TRUE,"off",99,26
"378",6.16255036166579,0.682584866413643,0,3,28,"equal",0,3,9,TRUE,"off",99,26
"379",8.22757030633211,0.560275741796401,0,4,28,"equal",0,3,9,TRUE,"off",99,26
"380",10.2925902509984,0.430307861985778,0,5,28,"equal",0,3,9,TRUE,"off",99,26
"381",12.3576101956647,0.312666062747586,0,6,28,"equal",0,3,9,TRUE,"off",99,26
"382",14.4226301403311,0.203481340952319,0,7,28,"equal",0,3,9,TRUE,"off",99,26
"383",16.4876500849974,0.10841656174903,0,8,28,"equal",0,3,9,TRUE,"off",99,26
"384",18.5526700296637,0.0393055280234294,8.51936137277097e-293,9,28,"equal",0,3,9,TRUE,"off",99,26
"385",20.61768997433,-0.0072041876008598,0.999999999999684,10,28,"equal",0,3,9,TRUE,"off",99,26
"386",22.6827099189963,-0.0329995843913571,1,11,28,"equal",0,3,9,TRUE,"off",99,26
"387",24.7477298636626,-0.0424489535537714,1,12,28,"equal",0,3,9,TRUE,"off",99,26
"388",26.812749808329,-0.0413682108501591,1,13,28,"equal",0,3,9,TRUE,"off",99,26
"389",28.8777697529953,-0.0311769145624958,1,14,28,"equal",0,3,9,TRUE,"off",99,26
"390",30.9427896976616,-0.027536682672456,1,15,28,"equal",0,3,9,TRUE,"off",99,26
"391",2.03250997233316,0.886276890668088,0,1,29,"equal",0,3,9,TRUE,"off",99,27
"392",4.09753041699947,0.767082643510663,0,2,29,"equal",0,3,9,TRUE,"off",99,27
"393",6.16255036166579,0.659406683850005,0,3,29,"equal",0,3,9,TRUE,"off",99,27
"394",8.22757030633211,0.553286368951402,0,4,29,"equal",0,3,9,TRUE,"off",99,27
"395",10.2925902509984,0.449564957771026,0,5,29,"equal",0,3,9,TRUE,"off",99,27
"396",12.3576101956647,0.371928427815558,0,6,29,"equal",0,3,9,TRUE,"off",99,27
"397",14.4226301403311,0.314654287413088,0,7,29,"equal",0,3,9,TRUE,"off",99,27
"398",16.4876500849974,0.274633177665433,0,8,29,"equal",0,3,9,TRUE,"off",99,27
"399",18.5526700296637,0.251782865295945,0,9,29,"equal",0,3,9,TRUE,"off",99,27
"400",20.61768997433,0.234070974597789,0,10,29,"equal",0,3,9,TRUE,"off",99,27
"401",22.6827099189963,0.215122271220806,0,11,29,"equal",0,3,9,TRUE,"off",99,27
"402",24.7477298636626,0.192717935175487,0,12,29,"equal",0,3,9,TRUE,"off",99,27
"403",26.812749808329,0.163219225496492,0,13,29,"equal",0,3,9,TRUE,"off",99,27
"404",28.8777697529953,0.134040061947687,0,14,29,"equal",0,3,9,TRUE,"off",99,27
"405",30.9427896976616,0.0985844947635963,0,15,29,"equal",0,3,9,TRUE,"off",99,27
"406",2.03250997233316,0.888480732798576,0,1,30,"equal",0,3,9,TRUE,"off",99,28
"407",4.09753041699947,0.769482672991099,0,2,30,"equal",0,3,9,TRUE,"off",99,28
"408",6.16255036166579,0.661154723340863,0,3,30,"equal",0,3,9,TRUE,"off",99,28
"409",8.22757030633211,0.559606241685051,0,4,30,"equal",0,3,9,TRUE,"off",99,28
"410",10.2925902509984,0.460805494002734,0,5,30,"equal",0,3,9,TRUE,"off",99,28
"411",12.3576101956647,0.37319519725665,0,6,30,"equal",0,3,9,TRUE,"off",99,28
"412",14.4226301403311,0.293926160442504,0,7,30,"equal",0,3,9,TRUE,"off",99,28
"413",16.4876500849974,0.224991832952042,0,8,30,"equal",0,3,9,TRUE,"off",99,28
"414",18.5526700296637,0.178187517637277,0,9,30,"equal",0,3,9,TRUE,"off",99,28
"415",20.61768997433,0.147799648656611,0,10,30,"equal",0,3,9,TRUE,"off",99,28
"416",22.6827099189963,0.128649077404854,0,11,30,"equal",0,3,9,TRUE,"off",99,28
"417",24.7477298636626,0.115941392719361,0,12,30,"equal",0,3,9,TRUE,"off",99,28
"418",26.812749808329,0.108059446570497,0,13,30,"equal",0,3,9,TRUE,"off",99,28
"419",28.8777697529953,0.0957400713068245,0,14,30,"equal",0,3,9,TRUE,"off",99,28
"420",30.9427896976616,0.0852110225241032,0,15,30,"equal",0,3,9,TRUE,"off",99,28
